rooms,bathrooms,size_m2,age_years,distance_center_km,has_garage,has_garden,district_quality,noise_level,crime_index,school_score,price_usd
1,3,158.52,0,4.68,0,0,5,34.7,34.0,1,58820.53
5,2,91.02,48,1.43,0,1,5,35.7,45.9,7,117351.18
4,1,85.85,51,2.52,0,0,5,55.7,28.4,6,75622.99
3,2,138.39,30,4.39,0,0,4,66.2,43.9,7,57934.09
3,3,159.54,37,1.59,0,0,4,51.9,44.4,10,60489.37
6,1,121.61,63,2.28,1,0,6,60.0,69.6,4,75454.9
1,4,68.54,30,2.54,0,1,9,30.0,52.1,2,63966.19
5,2,65.59,5,4.15,0,1,10,45.0,65.4,1,86658.27
2,4,62.91,29,7.69,0,0,9,31.3,54.5,5,84939.14
1,3,49.3,20,4.0,1,0,2,57.8,42.0,2,49958.77
4,2,124.38,30,8.06,1,1,4,34.5,52.0,2,98364.63
6,1,165.0,18,5.32,0,1,8,37.2,60.9,2,82191.85
5,3,119.46,11,2.35,0,0,6,55.1,67.9,3,64793.94
5,2,30.0,78,6.93,1,1,4,60.6,48.0,2,75787.67
5,1,112.37,10,6.17,1,1,4,48.4,25.3,5,98475.64
5,4,113.49,56,8.21,1,1,2,55.7,24.2,7,93850.81
4,2,203.84,57,9.42,1,1,4,55.4,45.1,3,74762.03
1,1,61.71,49,12.53,1,0,5,47.8,14.9,2,76384.16
6,2,104.37,72,7.87,0,0,5,39.1,76.9,6,64846.08
3,2,188.23,0,6.02,1,1,6,55.6,59.0,1,73523.61
4,4,138.0,24,8.24,0,0,3,56.1,40.5,8,66541.49
3,3,142.53,14,3.68,0,0,3,58.9,33.4,4,75938.15
2,1,124.58,46,3.46,0,1,9,53.1,65.4,5,89029.11
6,1,133.2,50,13.68,0,0,5,38.3,33.3,3,65675.89
5,3,151.1,71,3.38,0,1,3,56.9,34.7,3,84587.45
4,1,87.62,30,2.6,0,0,7,50.0,38.5,2,58632.22
3,2,155.12,18,7.87,0,0,6,45.2,51.7,6,59616.6
5,1,65.08,73,3.71,1,0,6,47.1,59.3,2,74202.46
4,1,133.13,53,9.36,1,0,3,43.1,67.9,7,90482.91
3,4,127.15,61,11.91,0,1,8,58.9,65.7,3,85608.27
3,1,95.35,35,2.93,1,1,2,35.8,50.0,6,74206.75
2,1,119.09,35,8.55,0,1,9,40.1,65.3,6,105650.49
1,4,95.1,31,3.31,1,1,5,46.7,39.9,7,92499.75
4,1,77.13,59,4.46,1,0,5,66.1,22.7,8,117315.53
6,4,105.86,16,6.7,1,0,4,60.5,39.9,6,83532.32
1,1,75.84,78,3.47,0,1,5,33.6,37.9,9,57192.19
6,1,132.91,14,6.27,1,0,7,63.5,40.5,3,86869.13
5,1,74.0,36,4.75,0,1,5,63.5,35.6,8,72807.16
2,3,148.48,25,9.5,1,1,2,38.3,43.1,4,70709.06
4,3,72.74,51,9.52,1,1,6,24.8,59.3,7,140331.83
1,2,97.35,54,3.48,0,1,3,49.3,75.7,5,60243.81
5,1,95.02,73,6.81,0,1,2,61.2,24.1,10,73634.86
5,1,173.01,63,10.52,0,1,9,65.9,30.7,3,80580.37
3,3,133.21,19,2.25,1,1,4,41.3,38.1,6,89966.99
1,1,111.53,16,4.73,1,0,6,67.5,61.5,2,83368.1
6,3,139.95,70,6.6,1,0,2,27.7,46.9,7,58309.47
3,3,35.71,39,2.16,1,1,4,46.3,39.1,1,71045.15
6,4,118.27,7,3.83,1,0,4,45.8,60.8,5,86750.02
5,2,199.9,65,15.56,1,1,2,61.5,64.3,1,87938.59
5,1,125.29,51,3.37,0,0,10,63.0,49.7,4,77226.52
5,2,122.72,2,3.68,1,1,4,59.5,37.8,5,101343.66
2,4,141.93,62,7.81,0,1,6,36.5,54.1,4,82876.24
3,3,155.82,48,1.93,1,1,6,58.6,46.5,4,117578.31
3,3,40.1,49,4.81,1,1,5,55.1,46.4,2,64934.98
3,2,52.71,69,2.62,0,0,6,33.3,42.3,8,88707.23
1,1,128.41,39,6.26,1,0,6,29.3,63.9,8,75603.31
4,4,91.4,36,0.2,0,0,1,60.4,53.7,5,74220.16
1,4,172.48,49,5.64,1,0,7,48.2,65.5,1,69817.75
5,4,107.39,15,6.73,0,1,2,37.1,70.0,1,66322.96
5,4,42.62,12,3.91,0,1,5,47.9,56.9,7,84757.66
6,2,69.28,67,4.11,1,0,4,53.6,42.4,10,70564.96
5,2,30.0,17,3.53,0,0,5,49.2,65.6,9,51067.98
3,1,110.63,40,4.76,1,1,1,34.5,57.0,5,62369.15
6,4,112.46,21,13.8,0,1,8,68.9,89.1,5,85490.84
3,3,103.02,18,9.71,0,1,5,60.0,54.7,2,60841.46
2,2,163.16,47,4.76,0,1,1,46.6,60.5,1,45198.22
6,4,167.94,64,3.83,0,0,1,47.0,54.4,8,35431.03
3,3,113.18,35,9.09,0,0,6,53.6,48.5,5,68048.65
1,4,34.61,11,5.97,1,0,7,38.7,46.1,5,109990.84
3,4,144.69,19,2.11,1,0,6,53.2,54.4,4,103999.76
5,1,142.21,13,4.34,1,0,8,36.7,57.8,4,93966.79
2,2,132.38,70,12.84,0,0,8,49.3,67.3,10,76454.21
3,3,159.26,25,7.59,1,1,9,38.3,54.6,9,101903.28
1,4,73.41,29,3.86,1,0,10,38.8,43.1,7,133440.01
5,1,200.35,5,1.33,1,1,9,66.5,45.1,4,139217.12
3,2,81.62,35,6.24,1,1,8,50.6,30.2,8,111196.04
2,3,149.97,73,5.34,0,1,5,52.1,74.9,4,106763.19
2,4,52.51,32,4.64,0,1,6,29.9,41.9,6,79568.35
4,1,82.79,52,9.16,1,1,7,44.0,64.5,2,68371.5
5,3,180.65,14,7.66,1,0,2,54.6,54.1,8,68369.18
6,2,109.56,11,1.38,1,0,7,51.9,54.6,1,89051.78
3,1,153.6,58,5.36,1,1,6,28.5,48.2,8,130584.5
1,3,129.48,5,1.74,1,1,6,52.1,38.2,7,97229.67
5,2,115.8,35,3.58,0,0,9,53.7,35.5,1,72270.1
4,3,174.55,25,1.62,0,0,7,62.8,75.9,6,62773.13
5,2,110.53,1,1.67,0,0,10,43.4,51.7,3,112427.59
1,4,48.77,42,6.8,1,0,10,27.6,66.9,5,116465.37
2,1,87.87,77,6.32,1,1,9,40.0,70.8,1,80782.83
5,4,142.05,5,5.07,0,0,3,39.0,43.8,8,49734.1
5,1,135.82,65,3.33,1,1,2,57.4,56.4,6,57578.64
3,3,57.32,43,1.5,1,1,3,22.8,50.7,4,117244.01
5,2,91.03,57,3.59,1,1,8,45.5,32.6,9,123364.48
6,2,96.73,7,6.34,1,0,9,64.3,47.2,7,105088.03
3,1,105.38,69,6.24,1,0,9,50.1,58.8,7,118936.92
6,3,64.96,0,12.67,1,0,7,59.0,42.5,2,126030.23
2,1,94.87,72,11.48,0,1,7,33.6,45.1,6,77471.68
2,3,90.86,52,5.22,0,1,10,34.0,47.4,8,101243.19
5,3,150.86,26,3.56,1,0,7,64.4,81.7,10,82756.12
4,4,152.36,0,2.68,0,0,2,51.0,22.5,7,73436.13
1,3,114.17,48,1.28,1,1,6,51.0,57.5,2,66586.01
5,2,104.32,6,1.92,1,1,4,38.8,46.2,7,76412.91
2,3,125.6,48,6.35,1,1,7,51.0,40.4,1,69777.01
5,4,87.34,61,8.03,0,1,7,38.5,45.8,4,109128.58
1,2,74.13,21,4.16,1,1,3,61.9,60.0,10,52694.57
5,1,82.39,19,21.72,0,0,3,77.3,60.9,9,79105.43
5,4,94.61,17,1.94,1,0,1,54.8,52.8,10,69350.91
5,1,73.46,17,1.15,1,1,3,43.7,66.4,4,106697.13
4,3,126.48,9,21.47,1,0,9,24.7,69.0,7,99234.67
3,1,149.19,19,1.43,1,1,7,33.2,62.2,8,76600.85
5,1,56.52,52,4.11,0,1,10,65.5,41.8,3,108906.62
2,4,121.01,24,2.88,0,0,10,39.7,57.4,10,117806.36
5,1,111.2,62,6.69,1,0,9,46.3,57.5,10,83471.55
4,3,133.66,65,3.87,0,0,2,56.6,37.8,2,53642.84
3,3,119.48,60,8.05,0,1,4,64.8,26.5,8,64396.73
4,1,61.86,43,9.29,1,1,1,48.0,19.7,5,75270.04
4,1,69.5,25,1.27,1,1,1,46.0,51.0,7,77709.57
1,4,121.18,74,2.61,1,1,3,50.7,54.5,6,77129.58
1,3,161.15,16,8.53,1,1,3,43.7,32.3,3,57887.34
2,1,31.43,37,10.58,0,0,1,44.3,65.7,1,24385.12
1,4,133.83,36,5.85,1,0,9,54.1,52.3,6,109205.22
3,2,167.58,59,7.05,1,1,6,51.9,70.2,9,87515.13
5,1,113.88,43,13.2,0,1,7,71.3,55.6,9,71577.71
4,4,142.01,63,3.91,0,1,7,54.4,34.0,3,78319.63
3,1,91.88,73,5.81,1,0,10,61.5,56.9,9,84849.85
6,3,115.23,31,11.48,1,0,2,39.3,60.1,4,97025.56
4,4,55.16,69,11.97,0,0,4,55.3,41.8,6,51832.1
1,3,30.0,13,4.79,0,0,4,42.8,28.4,4,78623.75
5,3,157.71,73,2.68,0,1,6,54.0,51.5,6,86767.5
4,2,80.6,14,4.75,0,0,6,56.9,35.0,6,81538.74
4,1,101.78,68,5.1,0,0,8,50.5,66.8,7,61035.06
4,3,64.54,31,2.6,1,1,6,74.1,43.9,5,92218.12
4,4,63.6,77,2.94,1,1,3,64.3,75.9,6,80332.48
1,1,113.05,10,11.98,0,0,6,61.8,18.1,7,60628.85
4,4,90.82,37,7.28,0,1,10,57.6,52.0,5,105400.93
5,2,135.12,72,4.13,0,1,6,67.6,71.4,6,80682.01
2,3,138.1,3,2.05,1,1,6,35.6,36.6,1,134216.83
4,1,132.83,21,2.97,1,0,2,63.7,47.6,9,74539.66
1,3,129.54,6,1.06,0,1,1,40.1,44.0,2,34377.25
3,1,183.11,25,5.96,0,1,3,44.4,39.7,9,87766.54
3,2,77.3,31,2.83,1,1,1,55.6,53.7,8,72542.95
6,3,117.8,49,6.31,1,1,5,62.3,30.6,10,133145.03
2,1,165.31,20,8.47,1,0,9,38.5,48.3,1,111465.28
2,2,170.58,12,6.38,0,1,5,44.9,57.7,3,64911.8
3,3,63.13,13,3.74,1,1,7,51.0,46.8,1,109601.77
6,1,107.51,75,2.48,1,1,9,48.1,35.0,5,100986.55
6,2,174.32,76,1.79,1,0,8,58.5,65.5,10,97504.42
1,2,140.32,17,11.21,0,1,7,84.4,61.0,8,80655.23
2,3,127.81,15,6.18,1,1,8,54.2,34.4,8,126923.61
5,4,111.29,4,3.91,0,1,3,42.6,30.6,9,102698.53
1,4,104.65,76,7.71,1,0,5,37.0,35.7,1,82166.41
6,1,131.53,56,10.03,1,0,4,46.7,58.2,8,113928.81
2,1,109.91,60,2.88,1,1,8,40.6,54.1,4,89857.35
6,1,118.3,23,6.05,1,1,5,54.7,61.9,7,64300.98
2,3,123.14,51,6.14,0,0,10,54.5,45.1,8,68926.65
3,1,92.88,4,12.83,1,0,2,45.4,36.1,7,94233.0
4,1,141.29,54,3.87,0,0,2,69.8,63.8,5,44052.64
1,4,236.57,46,2.41,0,0,8,42.6,41.7,7,89990.61
4,4,48.92,26,6.54,1,0,8,48.8,52.8,5,93028.99
4,4,132.96,56,8.16,1,0,7,56.4,26.8,7,96013.04
5,2,89.59,51,5.69,0,0,4,58.9,41.5,5,54110.87
6,3,143.1,35,13.42,1,1,1,62.8,65.1,4,80753.62
4,3,121.86,14,3.86,1,0,4,54.3,39.3,3,84552.35
3,1,150.47,1,5.8,0,1,5,60.5,62.2,4,75013.55
3,3,167.02,75,1.37,1,0,5,43.3,15.0,8,104531.34
3,3,127.7,22,2.29,1,0,10,59.2,41.6,9,105241.41
5,2,165.28,24,2.9,0,0,9,59.0,47.4,2,62989.05
2,4,30.0,54,4.37,1,0,8,65.1,76.1,2,60143.29
2,3,183.62,20,1.6,1,1,1,33.3,32.5,6,133821.21
3,3,135.0,30,7.64,1,0,2,40.9,60.1,8,97444.35
1,3,163.11,56,2.69,1,0,5,58.2,65.9,2,92498.54
1,4,71.2,47,19.27,1,1,7,23.5,39.2,4,92005.0
1,3,86.77,52,2.77,1,1,7,54.9,44.4,1,91636.73
5,2,125.84,0,5.37,1,0,3,60.6,52.1,1,61840.06
5,4,119.32,36,4.88,1,0,2,44.2,27.8,2,63815.77
5,3,131.32,38,2.12,1,0,4,45.7,43.2,8,82968.05
3,4,163.38,50,4.39,1,1,8,39.3,69.1,9,128847.13
5,1,49.39,12,4.35,1,1,10,44.8,57.8,5,121797.92
1,2,158.95,12,9.3,1,0,10,45.1,47.6,2,81771.78
6,4,120.33,60,6.71,1,0,6,43.2,51.7,10,94851.68
4,3,111.85,53,7.56,1,1,1,42.6,58.7,3,86685.5
6,4,61.16,64,9.16,0,1,10,47.3,61.6,2,88404.71
1,1,140.12,21,7.64,0,1,2,47.2,41.7,2,54153.69
3,1,30.0,79,6.01,1,1,3,68.7,73.0,4,69532.68
5,4,145.94,21,2.88,1,1,10,46.1,69.7,8,126378.87
3,2,60.32,52,5.74,0,0,6,53.4,60.2,4,69418.47
3,3,122.14,12,2.44,1,0,2,44.2,37.4,5,71996.59
1,2,115.23,73,4.64,0,1,6,44.1,34.7,4,68428.93
3,2,166.78,26,4.2,0,1,1,33.0,45.1,10,52076.82
2,4,112.85,64,4.4,0,0,4,34.3,50.9,7,47363.06
2,1,92.23,26,1.61,0,0,10,37.9,23.5,7,91737.43
5,4,99.74,63,0.2,1,1,3,51.8,57.4,5,104611.68
4,4,170.92,36,3.62,1,0,9,60.8,69.3,6,81130.4
4,3,141.45,4,10.63,0,1,6,32.1,58.6,9,94563.3
3,2,104.57,15,5.31,0,0,7,44.5,39.9,7,93826.09
6,1,110.54,54,10.12,0,0,8,36.3,38.1,9,57548.03
1,3,57.31,15,2.45,1,1,6,47.4,54.5,1,84453.61
3,2,135.54,22,3.48,0,0,1,60.8,47.7,9,79364.45
1,1,49.61,43,20.02,0,0,10,45.5,56.6,10,83273.56
3,2,150.07,20,2.58,0,0,5,49.5,59.0,7,41806.77
6,4,125.14,10,7.46,0,1,7,64.6,66.4,10,101545.07
3,2,215.48,49,7.45,1,1,6,54.6,33.0,6,87285.58
6,1,75.99,55,6.89,1,0,7,42.4,53.3,3,97136.04
3,3,115.89,58,7.52,0,0,4,51.6,44.5,7,57358.82
5,1,191.93,75,2.55,0,0,9,41.7,48.5,7,85204.28
3,4,167.66,9,3.76,1,0,3,54.2,63.0,2,68635.98
2,4,92.15,34,0.26,0,0,7,55.2,64.6,3,76612.08
5,4,128.96,18,13.12,1,1,6,36.3,71.0,3,90378.0
6,4,120.08,72,7.49,1,0,6,51.8,56.4,6,90310.86
2,1,131.28,43,2.9,0,0,1,48.8,48.3,2,25057.49
5,1,92.05,7,2.48,1,1,4,55.4,46.2,8,97767.99
2,2,116.43,55,10.76,1,0,1,58.3,24.0,2,65821.63
5,2,56.08,3,2.73,0,1,6,54.8,70.1,10,59021.2
5,4,125.4,21,2.89,1,1,7,47.0,45.2,7,128505.41
3,3,138.0,57,2.04,1,1,6,59.3,57.6,4,91823.86
5,3,110.9,40,8.49,1,0,8,41.3,60.2,4,100750.67
2,4,55.4,60,10.02,1,0,4,36.8,31.3,7,99090.0
1,3,159.54,45,4.22,1,0,4,20.0,36.1,1,85996.54
1,2,134.58,67,10.06,1,0,5,49.3,73.2,8,88272.77
3,2,90.96,45,6.48,1,1,3,41.8,54.4,6,78292.41
6,3,108.78,4,1.93,0,1,9,54.0,41.3,3,119073.34
1,1,59.97,5,12.5,1,0,9,30.3,48.1,9,96888.08
3,3,78.98,62,2.02,0,0,5,43.5,66.3,7,77348.55
5,3,98.49,3,4.46,1,1,8,54.7,64.0,2,110596.26
2,3,169.14,30,4.23,1,0,1,39.7,28.0,7,96923.41
5,3,94.42,1,3.67,0,1,2,54.1,74.5,5,78166.87
2,4,145.61,24,0.72,1,1,3,44.4,64.5,8,83767.05
5,4,98.47,47,17.38,1,1,4,49.7,47.7,5,83523.66
4,3,129.92,13,0.84,0,0,3,56.0,32.1,10,75399.78
4,2,114.34,37,13.01,1,1,6,59.5,65.8,10,80138.6
2,1,154.92,79,2.4,1,0,8,50.9,57.1,1,64267.85
3,4,98.61,5,3.13,1,0,5,41.9,28.1,5,67404.2
6,4,57.1,5,12.18,0,0,5,45.4,46.5,3,54614.38
1,3,64.72,21,6.98,1,1,1,56.4,95.0,5,89409.34
5,4,98.72,66,1.42,1,1,3,39.8,50.2,2,81359.32
3,4,70.04,32,1.39,0,0,9,48.2,38.9,6,124196.55
5,4,136.41,51,6.27,1,0,9,46.1,34.9,2,114285.78
4,3,101.37,2,1.99,1,1,2,49.0,76.6,7,83015.83
3,1,214.98,58,7.22,1,1,1,39.9,62.7,5,45499.98
2,1,50.49,5,7.74,0,1,9,31.5,71.1,10,86739.18
4,1,128.15,56,2.63,1,0,2,55.2,53.7,9,97050.69
1,2,74.88,11,3.27,1,0,6,59.6,68.8,7,101504.28
4,3,100.26,68,6.42,0,0,9,32.1,37.3,5,97570.01
1,2,125.66,23,2.53,0,1,8,53.7,52.4,8,67987.76
4,1,30.0,14,5.31,1,0,6,60.8,54.3,7,67407.61
4,1,129.47,26,20.8,1,0,4,56.0,70.7,2,50661.04
1,4,196.12,0,6.64,0,1,8,45.8,54.8,4,110833.01
5,4,101.86,13,3.71,1,1,7,40.6,40.6,10,141976.49
3,2,130.39,47,18.54,1,0,9,50.8,51.0,4,97052.53
5,4,161.0,24,8.91,0,1,6,52.5,24.9,1,85002.06
1,3,113.44,28,2.03,1,1,10,51.0,15.2,9,145152.92
2,4,96.76,64,2.39,1,0,8,48.2,62.5,10,83951.88
3,4,30.0,9,0.96,0,0,1,39.2,44.4,7,67010.77
2,3,145.64,31,6.34,0,0,3,54.2,46.1,7,118998.67
2,2,115.47,14,0.58,0,0,8,54.7,62.5,4,64488.03
4,3,79.49,38,18.53,1,0,2,52.0,71.0,4,56309.39
1,2,125.06,26,4.07,0,0,8,51.1,58.0,10,65513.82
5,2,96.65,3,9.29,1,1,4,66.8,78.9,9,104602.38
1,3,98.86,5,3.78,0,1,3,43.8,57.5,5,96723.13
2,3,144.25,68,6.26,0,1,6,62.8,54.5,4,76373.22
4,3,66.46,4,4.5,0,0,10,42.7,53.6,2,88330.36
5,2,161.89,62,5.2,1,1,9,61.1,30.7,1,97332.1
2,2,64.09,73,11.3,1,1,5,62.3,64.3,5,78052.51
2,1,93.49,37,15.05,0,1,1,47.1,13.3,6,52042.91
6,3,196.92,24,14.29,1,1,9,66.6,41.2,7,112984.0
6,3,165.09,62,31.38,1,0,9,54.7,50.3,9,109539.15
4,4,123.9,78,2.78,1,1,7,41.2,38.2,4,103707.1
3,3,82.38,9,6.7,0,1,7,46.3,43.2,2,84336.82
3,2,98.83,77,2.83,1,1,6,61.3,77.6,9,84322.79
4,1,122.93,75,10.99,1,0,1,59.2,66.6,8,51483.86
4,1,121.5,11,2.13,1,1,2,39.4,39.7,6,78125.47
2,2,116.37,4,11.43,1,1,2,48.6,43.0,1,85445.76
1,2,118.77,57,5.83,0,1,10,52.0,30.8,5,66687.77
1,2,111.42,6,4.7,1,0,1,44.9,60.6,7,87211.81
6,2,62.32,48,5.12,1,0,6,73.6,46.3,9,90506.45
3,4,99.34,5,1.79,1,1,4,52.3,20.5,6,114046.99
3,1,156.58,55,1.94,1,1,1,49.4,51.5,5,81856.16
3,2,65.27,18,5.91,0,0,10,61.9,56.6,4,72293.27
5,1,112.42,7,5.88,1,1,1,46.3,64.4,5,58520.7
1,2,87.21,5,2.94,0,1,9,60.1,48.9,1,66777.13
1,3,124.45,15,4.03,1,0,8,33.3,44.4,2,92296.28
2,1,104.45,43,7.11,1,0,8,45.5,79.8,8,92282.62
3,2,179.1,6,2.52,1,1,2,60.5,50.1,4,71595.13
5,1,140.26,64,0.84,0,1,9,65.7,60.8,9,97875.95
3,4,67.53,48,13.43,1,1,6,42.3,41.9,4,64443.55
3,3,146.85,23,6.22,0,1,5,41.1,60.3,10,76461.43
6,1,89.01,78,3.4,1,0,7,55.7,28.2,2,107152.33
1,1,96.92,52,2.83,1,0,4,43.8,43.1,2,65321.98
4,1,132.55,53,2.5,0,1,3,47.3,31.9,6,58780.41
4,2,100.33,13,10.96,1,1,3,58.8,40.9,9,77512.25
3,4,155.71,56,1.52,1,0,6,44.6,68.8,2,42074.11
5,3,89.02,44,6.69,0,1,7,30.3,40.8,6,80836.87
2,4,95.24,78,6.69,0,0,3,37.0,60.8,3,74448.25
6,2,93.75,38,8.59,0,0,3,50.1,72.8,8,50225.0
2,2,97.37,54,3.67,0,0,10,31.4,49.6,6,82525.63
4,2,163.97,27,12.68,1,0,6,47.0,64.9,7,51011.09
4,1,145.15,3,8.77,1,1,9,36.1,58.0,3,80158.34
6,4,188.4,10,3.57,1,1,4,66.4,51.7,3,113049.85
3,1,210.71,69,2.71,0,0,3,71.7,61.3,7,59181.37
2,2,78.77,59,4.51,1,1,3,39.4,77.6,4,53793.04
1,3,122.82,29,3.48,1,1,6,52.6,40.4,7,87803.53
3,1,72.95,55,2.34,1,1,8,40.4,35.6,2,99336.93
5,2,88.9,0,5.3,0,0,6,46.9,34.7,4,64287.56
1,2,94.8,2,4.05,0,1,3,68.0,64.9,2,24703.73
6,2,77.71,40,14.72,1,0,10,45.3,66.9,1,92856.95
4,1,77.92,49,3.47,1,0,6,47.1,41.9,3,92303.54
1,1,114.23,74,2.69,0,1,4,40.6,18.0,5,79514.22
2,1,71.33,60,5.04,1,0,1,61.5,39.9,2,67581.88
4,2,153.69,20,6.07,1,0,6,20.0,58.2,1,64864.18
2,1,83.29,65,6.42,1,1,7,45.6,49.0,9,93708.26
1,4,232.38,39,6.37,0,1,10,49.5,52.7,6,93183.78
4,1,101.94,66,5.17,1,0,3,43.4,42.1,8,73948.66
5,3,122.88,13,4.89,0,0,2,58.6,65.2,8,57617.71
1,3,68.19,2,7.77,1,0,10,62.0,55.1,2,85134.99
2,2,188.24,4,2.15,0,1,6,35.9,58.8,7,39571.43
2,4,164.78,79,2.71,0,1,1,70.9,52.4,9,78611.82
4,1,131.88,6,1.16,1,1,2,35.8,57.9,5,77467.28
5,1,66.13,75,2.19,1,0,5,62.9,56.9,9,56083.53
5,2,128.43,58,10.24,1,0,7,51.5,36.1,10,104804.99
6,1,75.14,11,7.54,1,0,3,45.0,55.6,6,68430.35
5,2,178.49,69,16.02,1,0,4,45.9,61.9,2,66683.64
2,2,152.37,11,13.56,1,1,8,49.7,67.3,7,86263.59
1,4,123.82,11,7.59,0,0,10,52.1,56.2,9,98089.34
4,2,30.0,46,5.61,1,1,5,40.8,35.5,6,84424.98
6,4,80.66,23,5.11,0,1,5,47.7,37.8,9,76262.39
6,4,147.51,23,0.53,1,0,4,42.3,43.5,6,114980.74
2,4,168.52,15,4.69,0,1,2,37.8,52.8,5,68932.82
2,1,164.37,48,3.13,0,1,1,41.8,48.2,10,56428.38
1,4,56.32,2,2.28,1,0,9,38.5,33.1,2,116547.4
1,3,132.06,19,6.75,0,0,1,45.8,33.1,5,45480.08
4,4,160.62,44,4.27,1,0,9,54.3,18.5,2,103669.66
4,2,53.67,38,5.35,0,0,3,51.2,10.0,7,76060.91
3,4,119.68,55,1.98,0,1,7,69.7,48.0,10,67175.86
2,3,130.95,17,9.03,1,1,10,27.9,84.8,10,114232.73
5,1,107.97,51,3.46,1,0,8,54.7,77.0,3,71952.38
3,2,45.91,60,6.49,1,1,8,50.1,35.3,8,118323.1
5,1,106.97,31,3.7,1,1,3,58.2,52.2,9,90507.46
6,4,106.91,20,0.41,1,0,6,57.2,28.0,9,114778.2
2,2,114.08,44,6.95,0,1,7,48.4,30.3,6,62227.38
2,1,97.46,46,4.49,1,0,5,51.7,32.0,2,74152.04
6,3,102.28,7,1.07,0,0,1,42.6,46.6,5,49196.67
4,2,118.41,45,1.76,0,0,10,56.1,47.3,8,91975.93
2,1,137.7,12,9.22,0,1,2,31.2,53.8,7,26870.39
4,4,107.82,45,1.13,0,1,10,57.8,59.9,4,77611.65
4,4,103.61,74,3.38,0,0,10,49.8,44.9,3,111602.37
6,3,123.69,42,16.95,1,0,1,45.1,50.5,7,79555.62
2,3,43.16,60,7.07,0,0,8,47.7,33.6,5,76970.14
6,2,139.08,24,8.35,1,1,7,48.4,29.8,5,94958.4
6,3,119.98,73,3.98,1,1,3,63.0,27.5,10,106637.3
2,3,121.59,65,0.97,0,0,9,82.3,59.7,1,74957.0
1,1,158.43,73,5.74,0,1,2,62.2,44.9,3,43492.39
4,1,41.89,59,1.88,1,1,3,44.3,21.9,10,113446.33
1,2,41.05,51,1.71,1,1,10,56.3,49.1,10,104349.62
2,2,130.95,42,5.26,0,1,8,56.7,31.3,4,88547.75
3,1,119.72,74,2.01,1,1,2,40.7,74.9,10,51698.98
6,1,126.81,67,4.81,0,1,2,37.4,41.3,3,59345.81
6,4,101.51,33,2.79,1,0,3,49.4,60.2,1,81244.58
1,2,146.57,6,4.69,0,0,1,58.1,66.3,4,37056.45
6,3,157.31,0,3.21,1,1,2,33.9,35.7,6,92623.88
1,3,139.36,18,4.79,0,0,6,42.8,51.1,1,71888.82
5,3,109.57,5,12.82,0,1,1,55.7,58.3,2,82973.38
6,3,35.69,16,8.48,0,1,3,50.4,51.7,8,78215.06
6,2,150.77,8,4.39,0,0,4,64.2,55.4,7,85617.11
2,4,168.87,78,11.48,0,1,10,35.9,30.1,7,115038.74
6,2,145.78,7,6.56,0,0,10,73.5,58.3,10,106936.26
1,4,84.81,50,10.95,0,1,9,34.6,42.7,3,83154.74
4,2,146.95,28,1.27,1,1,4,29.7,55.2,9,94101.55
3,1,154.42,13,2.03,1,0,6,49.4,63.8,4,78512.07
2,4,182.35,56,5.69,1,1,6,38.7,60.0,10,109107.78
1,1,84.96,77,4.3,0,0,9,49.6,55.2,8,83956.56
5,4,110.94,63,4.8,0,0,8,49.3,59.6,3,85404.58
3,1,149.89,78,7.34,0,1,10,48.0,60.3,3,97488.05
4,1,122.3,47,5.73,0,1,6,41.6,72.4,6,64300.72
3,3,75.31,53,9.06,0,0,10,54.3,49.5,6,101735.58
3,4,136.58,11,8.88,1,0,8,46.8,52.5,3,115049.03
6,2,143.15,68,2.12,0,0,8,61.0,64.0,3,87112.77
1,1,123.52,59,0.43,0,0,7,48.2,42.6,9,74644.43
5,1,128.78,20,2.0,1,1,4,40.4,30.0,8,107803.43
5,4,109.65,28,1.88,1,0,7,33.1,57.4,2,87049.29
3,3,179.13,48,5.08,0,1,4,48.3,46.9,8,81459.16
2,1,83.97,1,5.03,0,1,7,37.3,31.9,2,87732.85
1,2,96.51,65,4.1,1,1,3,36.5,57.5,5,56796.24
6,2,120.44,22,6.74,0,0,8,55.3,71.5,1,79805.33
6,1,155.16,5,21.96,1,1,6,32.2,25.6,7,86554.55
2,4,60.11,26,4.03,0,0,8,64.1,65.3,2,67234.86
1,3,67.59,66,5.87,0,0,3,51.6,11.9,3,62865.76
1,1,38.49,21,4.8,0,0,8,49.6,44.0,2,56244.18
1,3,121.31,43,2.97,0,1,9,39.7,77.6,2,83346.19
5,2,75.27,64,7.39,0,1,2,57.6,45.1,1,59369.39
6,1,104.62,2,3.88,0,1,4,50.0,51.3,6,63097.75
1,2,146.46,60,2.46,1,1,7,43.1,61.4,9,103380.39
5,1,94.34,23,2.62,1,1,9,52.0,24.3,4,100613.76
2,1,129.25,55,9.28,0,0,8,33.2,51.1,8,109901.16
3,4,108.03,15,7.26,1,0,5,33.6,51.0,6,91649.37
4,3,146.88,11,3.25,1,1,3,38.8,77.9,3,66824.26
5,1,139.01,63,6.66,0,1,10,53.5,31.5,1,76176.89
6,4,92.32,64,4.84,0,0,9,50.0,44.3,8,113388.63
1,3,113.25,78,5.94,0,1,9,60.5,36.1,1,77058.94
2,4,161.75,54,2.91,0,0,4,40.8,34.5,5,53588.99
2,3,135.74,37,1.94,1,1,5,55.7,66.9,1,95863.91
2,2,64.12,15,3.86,0,1,3,48.9,50.4,8,62591.44
6,3,146.22,23,2.25,0,1,10,40.6,41.7,10,123284.24
5,3,76.62,51,2.11,0,1,9,53.9,42.2,4,113015.2
2,3,176.5,27,1.34,0,1,2,49.3,41.6,4,74050.63
6,1,160.96,38,0.44,0,0,3,43.7,42.9,6,103170.41
3,2,131.6,13,3.3,0,1,6,50.4,31.0,6,62059.58
4,1,126.29,35,10.49,0,1,5,48.7,46.1,4,59326.21
3,2,111.64,19,8.77,0,1,5,48.5,44.6,4,72557.52
1,1,147.14,8,14.12,1,0,4,45.9,38.6,2,102809.4
6,1,105.17,10,2.02,1,0,7,37.0,52.3,3,217513.75
1,4,129.42,41,7.73,1,1,9,50.7,53.6,6,125382.78
2,1,154.88,29,4.37,1,0,10,42.0,41.7,8,90634.47
2,4,97.53,7,2.62,1,1,5,39.8,47.8,8,92397.91
2,1,95.35,41,9.68,0,0,9,47.6,82.4,6,55319.9
1,4,72.23,13,4.41,0,1,7,57.3,81.8,8,66479.94
1,2,77.42,1,0.84,0,1,2,51.9,34.2,6,90850.14
5,3,46.86,10,8.7,1,0,8,44.7,36.3,4,101011.55
6,2,149.19,35,6.34,0,1,4,44.3,34.1,4,78781.51
1,2,192.36,76,5.3,1,1,7,56.4,65.9,6,99296.9
2,2,177.01,19,1.67,1,1,8,26.0,44.0,4,84842.06
4,3,54.96,22,5.77,0,1,10,58.0,53.6,8,100953.86
6,2,148.99,19,12.85,1,1,10,31.3,80.0,2,91090.75
5,3,176.88,28,6.21,0,0,9,35.8,49.8,1,84236.4
5,4,101.73,57,1.15,0,0,6,44.9,60.6,5,72015.24
4,2,124.06,25,6.56,1,0,5,71.7,57.8,1,63448.22
3,2,39.68,52,6.26,0,1,5,66.8,41.2,2,71888.49
2,1,130.67,71,8.18,1,1,10,57.1,65.9,4,98075.75
6,2,77.46,75,6.13,0,1,3,53.6,37.3,1,63059.47
5,1,127.99,45,2.11,0,0,6,31.4,70.1,3,73703.16
1,1,57.55,57,5.08,1,1,7,51.6,41.2,6,75930.14
5,4,141.71,73,3.91,0,1,1,44.5,42.8,4,80419.81
1,1,160.98,62,5.55,0,0,7,41.8,33.7,9,69594.63
5,2,88.67,23,9.93,1,0,3,51.5,36.1,1,67374.12
5,4,74.52,10,2.78,0,0,3,45.3,43.6,8,64306.87
1,4,33.76,9,15.56,0,1,7,58.7,13.5,6,86972.14
3,1,109.34,70,6.53,0,1,1,30.6,46.5,7,86846.13
1,1,96.74,44,8.73,1,0,2,50.8,42.4,7,60683.47
4,2,57.96,23,7.93,1,0,5,41.2,61.9,1,59606.73
6,3,138.12,27,6.34,1,1,6,45.9,56.3,8,118110.2
1,4,102.0,22,7.2,0,0,2,53.0,39.4,4,50356.34
3,1,76.97,64,0.2,1,1,4,38.8,43.1,7,93592.08
6,1,97.82,48,7.92,0,0,4,51.6,46.5,3,50928.94
2,2,162.85,70,2.27,1,0,6,47.9,72.3,4,98096.64
1,4,144.12,24,4.61,1,0,4,43.4,37.7,8,78247.39
3,1,114.8,37,6.31,0,1,1,45.3,39.2,10,81990.54
4,2,144.76,9,10.23,1,0,6,48.5,33.1,9,80836.26
4,1,73.56,77,2.27,1,1,9,42.3,27.8,8,107350.73
2,1,121.29,40,3.37,1,0,6,50.1,54.6,6,100860.38
6,4,125.89,44,3.75,1,0,4,47.2,53.0,6,92753.83
4,1,101.21,33,5.6,0,0,5,43.9,69.2,10,97946.72
2,2,137.42,21,3.94,1,0,2,65.9,65.6,3,57096.4
6,4,88.78,75,7.23,0,0,3,54.2,86.0,10,64402.19
6,3,140.39,39,0.88,0,1,5,46.2,48.9,7,117831.29
3,1,142.07,53,4.34,0,0,6,51.5,46.1,7,46075.77
1,2,30.0,2,13.69,0,1,5,39.7,30.5,6,52755.77
4,4,167.61,22,3.95,1,0,10,45.6,60.4,9,101632.69
4,2,30.0,64,6.54,0,0,7,46.8,51.8,7,87843.47
1,3,95.36,7,9.18,0,1,1,37.5,59.8,1,28827.57
4,3,161.01,8,6.39,0,1,6,53.9,32.9,8,101775.92
6,3,107.31,64,16.48,1,0,6,44.9,55.3,8,100137.72
1,1,61.35,24,5.17,1,0,1,46.4,53.1,10,89379.84
5,4,76.25,21,7.48,1,1,4,44.3,52.1,10,115001.41
1,4,161.08,45,5.77,1,0,9,79.6,39.8,10,104282.83
5,1,43.14,15,11.89,0,0,4,43.4,67.8,1,72237.34
3,4,165.16,3,3.51,1,1,5,29.3,80.8,7,107212.43
1,4,117.8,0,17.35,1,1,3,34.0,33.3,10,88291.86
6,3,72.3,6,2.84,1,0,1,57.6,60.8,10,59276.42
1,2,96.68,12,14.57,0,0,4,63.4,10.0,6,56906.2
4,2,79.31,55,2.04,0,0,8,43.2,60.0,10,83008.26
2,4,154.65,23,7.66,1,0,10,62.8,21.9,9,116673.74
6,1,149.3,5,4.84,0,1,7,57.4,42.1,1,49497.09
5,4,51.23,1,9.05,0,1,9,48.1,30.3,9,106849.27
5,4,103.86,38,6.66,0,0,7,47.4,46.8,7,87454.59
3,3,85.47,67,8.71,0,0,7,51.8,62.6,6,81522.23
3,2,171.74,27,1.97,0,0,5,58.8,22.1,2,96950.96
4,3,66.0,5,1.06,1,0,1,54.0,44.6,10,82906.41
5,1,184.17,18,1.69,0,1,5,43.2,42.3,3,65850.83
6,4,118.67,39,1.64,1,0,9,48.3,73.7,5,78452.68
1,2,73.52,15,1.95,0,1,6,69.8,56.5,3,79541.32
4,1,92.91,78,3.0,1,1,8,52.5,32.3,10,92300.68
1,4,87.94,61,2.98,0,1,1,58.7,42.9,5,72741.12
2,3,69.02,27,4.93,1,0,3,55.4,73.3,2,86369.86
5,3,123.79,76,2.41,1,1,3,52.7,60.7,1,57215.6
2,1,70.88,26,2.58,1,1,4,51.1,36.2,10,95396.03
5,4,32.79,11,4.14,0,0,10,59.0,46.0,3,114478.51
3,3,104.81,75,9.91,1,0,5,57.2,46.5,8,99477.07
2,4,47.89,76,3.46,0,0,7,52.6,41.9,1,41848.8
3,4,89.91,25,4.68,0,1,7,43.1,24.3,9,87913.85
4,1,83.64,47,5.28,0,1,5,53.9,39.8,7,55509.71
5,1,85.15,13,2.16,1,0,10,49.3,70.8,3,104727.48
4,4,200.04,51,3.74,1,0,3,46.9,44.3,9,94303.59
6,3,122.26,55,2.76,1,0,1,76.8,48.5,3,27508.07
6,2,129.81,56,9.27,1,0,8,34.6,52.1,10,98134.37
5,2,48.94,45,8.76,0,1,7,59.6,83.3,6,86731.16
4,3,93.84,56,2.53,0,1,3,41.4,50.1,5,76896.57
2,4,128.61,44,4.61,0,0,9,51.3,66.4,1,79842.97
3,1,79.02,65,7.49,0,1,2,75.7,41.0,3,45647.09
1,3,156.32,14,6.14,1,1,3,40.4,46.1,1,63875.64
3,4,71.89,38,6.63,1,1,2,42.8,50.2,9,87209.58
6,2,108.55,33,2.17,1,1,2,49.8,38.4,2,85181.19
3,2,96.56,42,14.22,1,0,8,41.5,46.9,2,100059.04
1,4,126.57,11,2.95,1,1,8,58.8,63.3,2,108317.48
4,1,94.38,25,2.88,1,0,7,44.7,38.0,10,97563.56
6,2,109.16,76,1.5,0,1,9,56.5,50.0,10,114601.62
6,2,110.55,8,4.28,1,0,1,36.7,60.6,8,70127.13
2,4,90.62,50,10.63,1,0,7,31.9,37.6,1,71384.99
3,1,139.4,53,6.1,1,1,2,47.7,66.4,6,77189.56
4,2,129.54,37,4.55,1,1,10,34.3,51.1,10,120681.62
2,1,116.46,2,8.32,1,0,7,65.2,47.5,1,85276.56
2,4,102.78,2,10.45,1,0,8,34.7,19.9,8,93667.73
2,3,151.86,22,8.74,0,0,6,39.6,44.4,1,97951.04
6,2,110.57,8,0.75,0,1,4,54.1,55.6,9,92471.95
5,2,107.73,7,8.37,1,0,7,44.1,76.2,6,86223.22
6,1,124.19,12,6.82,1,1,9,34.8,58.5,9,148251.95
5,4,187.86,15,2.48,0,1,2,70.4,66.9,5,84742.6
6,3,66.39,67,6.84,0,1,9,40.0,31.9,8,88766.23
1,2,150.79,51,10.65,1,1,8,48.0,48.1,9,132577.75
6,2,44.27,2,3.06,1,1,1,47.9,68.3,4,67941.46
1,3,128.69,50,9.17,0,0,10,57.1,36.7,7,112947.6
3,3,183.0,10,6.2,1,1,2,54.6,64.5,5,77283.67
4,2,139.55,33,0.2,0,0,7,41.7,61.0,5,104699.41
3,2,126.83,3,4.81,0,1,2,46.7,54.1,8,57627.22
1,3,97.58,7,6.02,1,0,2,47.7,45.1,3,70321.0
2,3,121.24,10,3.86,1,1,7,57.5,35.2,2,113328.99
5,3,109.92,34,6.37,1,0,7,38.3,76.6,5,102609.72
2,1,88.56,37,4.42,0,0,7,70.2,59.5,9,81065.53
2,2,108.4,28,19.68,0,1,4,42.4,55.1,2,56241.07
6,3,127.94,49,3.64,1,1,9,49.9,43.8,4,116743.34
1,4,89.31,57,2.54,1,0,1,38.4,50.6,7,89546.68
6,3,87.75,58,8.86,1,0,9,37.0,52.5,5,95320.03
6,2,65.59,46,4.02,0,1,4,41.3,56.0,7,85632.09
4,3,135.63,43,4.61,1,0,7,40.3,61.0,6,92734.87
1,1,141.81,39,4.31,0,1,10,45.9,38.3,9,95255.42
1,1,129.27,19,8.52,1,0,3,40.2,28.0,9,75827.6
2,3,158.61,38,1.93,1,1,5,57.0,51.3,5,80623.25
4,4,123.51,0,9.16,0,1,9,42.2,23.8,5,106892.63
1,4,135.68,77,7.22,0,1,9,41.1,45.1,3,93049.81
3,3,132.15,29,15.59,1,0,3,46.1,42.4,5,77496.57
1,1,116.34,60,5.68,0,0,6,59.9,57.4,9,82202.95
4,4,98.77,76,2.07,0,0,4,52.1,79.7,6,79278.91
1,2,208.57,39,5.73,1,0,6,49.0,20.8,7,95162.93
5,2,101.92,68,6.26,1,0,4,35.7,84.1,5,62667.57
1,4,93.36,38,11.27,0,0,1,38.6,46.5,8,42958.62
2,3,137.36,10,2.06,1,1,10,37.2,55.2,8,148773.33
2,3,130.07,2,1.15,0,1,7,63.1,28.8,6,79212.25
5,2,63.81,10,5.82,0,0,5,55.3,65.0,10,71800.28
1,4,164.91,75,16.04,0,0,2,41.4,50.6,9,62055.24
3,2,116.23,38,7.98,0,1,1,44.4,49.1,2,51886.66
4,3,75.56,25,8.31,1,0,5,41.7,20.9,3,78854.8
4,4,167.55,35,1.46,1,1,7,41.1,51.1,10,102395.6
5,3,145.03,20,5.12,0,0,3,54.6,62.7,5,55590.46
5,1,69.42,69,11.42,0,0,8,47.1,46.5,4,63904.66
3,2,191.09,79,6.31,0,0,4,70.8,67.6,8,75561.0
5,2,146.35,6,1.07,0,0,1,62.5,67.0,7,55124.98
2,4,119.59,57,5.05,1,1,6,63.1,40.4,2,86020.6
6,3,183.61,26,7.6,1,0,2,56.7,73.9,1,68066.1
4,2,126.37,3,4.64,0,1,1,45.8,50.7,9,78103.42
5,3,118.88,73,2.31,1,0,2,56.0,50.7,8,72705.18
6,3,93.59,4,9.05,0,1,3,46.5,51.5,4,89840.66
5,2,143.27,16,3.52,0,0,6,66.3,51.0,9,57459.71
6,2,139.06,2,6.76,1,1,10,54.0,10.5,2,141294.41
4,4,120.59,37,4.94,0,0,3,52.6,47.2,9,70318.51
1,3,88.4,47,3.42,1,0,1,51.3,29.5,1,63095.61
3,1,125.2,25,17.23,0,1,2,67.4,74.4,7,38429.86
2,3,117.21,5,3.11,0,0,4,35.7,73.8,9,49590.95
6,3,66.66,9,5.26,1,1,3,68.4,62.8,7,61490.64
2,3,61.13,74,4.93,1,0,4,48.1,46.4,8,69108.13
2,3,142.61,64,5.71,1,1,10,35.9,34.9,4,125103.32
2,4,30.0,74,16.39,1,1,4,42.5,40.1,3,72065.88
4,2,128.22,42,7.6,0,0,7,33.5,79.1,3,47260.58
4,2,100.88,43,3.39,0,1,7,56.5,39.6,2,69929.71
6,1,172.33,62,13.13,0,0,2,39.6,14.7,3,55760.56
3,3,100.26,49,8.55,1,0,3,51.7,65.5,3,64737.42
2,2,146.38,34,3.44,0,1,5,61.3,72.5,8,66948.78
1,2,104.12,23,11.8,1,1,5,43.3,74.9,3,92601.07
1,3,124.55,38,1.44,0,1,1,47.3,65.6,2,71858.56
3,2,149.47,5,1.86,1,0,7,37.0,68.0,8,125918.2
6,2,101.5,15,0.99,0,0,4,46.1,50.8,6,49273.85
4,2,159.86,58,0.55,1,0,4,75.7,18.9,3,71152.87
6,2,80.25,69,11.24,0,1,7,57.8,50.4,8,95164.89
1,1,131.78,8,5.76,1,1,10,47.4,59.3,3,91868.31
1,4,156.91,7,1.1,0,1,9,43.9,48.0,8,114539.91
6,1,146.4,6,4.83,1,1,10,49.6,47.3,1,111726.66
1,2,196.66,63,9.37,1,0,5,51.3,35.5,6,103304.58
1,3,89.46,24,2.65,1,1,2,45.8,35.0,6,99315.1
3,1,64.83,26,3.86,1,1,3,55.3,77.6,4,85313.2
6,3,80.23,0,17.77,1,1,4,40.5,78.1,7,85656.84
5,3,146.42,77,4.15,0,0,4,40.4,50.0,4,68874.11
1,3,139.92,34,1.2,1,0,3,53.7,54.2,7,70698.39
6,2,124.09,63,3.22,0,0,2,38.3,35.3,3,41296.51
6,1,75.08,56,1.02,1,1,2,57.3,59.6,6,98431.7
5,4,150.67,11,8.05,1,1,7,49.9,76.4,8,116098.1
6,2,71.01,64,2.33,1,1,5,31.7,27.1,10,174605.03
2,4,166.36,44,2.26,0,0,1,51.1,57.0,4,74029.29
6,1,234.3,48,18.84,0,1,6,33.1,58.1,5,69010.68
2,1,134.66,16,1.67,0,0,9,56.9,57.9,5,49357.25
5,4,143.32,67,1.38,0,0,5,47.5,74.6,9,90302.48
4,4,100.29,74,1.95,1,1,4,68.5,80.5,10,66936.88
5,4,47.59,32,9.58,1,1,3,60.7,46.5,7,87053.8
4,4,95.89,7,7.31,0,0,4,39.4,60.1,9,78182.14
4,1,76.28,67,3.18,0,0,3,29.8,51.3,1,59479.57
4,4,62.12,70,2.94,0,1,10,42.4,40.5,8,120861.47
5,3,188.89,40,6.91,1,0,10,37.8,54.1,9,122147.43
5,1,130.91,46,5.93,0,0,4,68.3,60.1,8,65562.87
1,1,135.19,17,4.36,1,1,10,49.9,53.3,6,90341.26
5,4,107.64,5,7.49,0,1,9,59.3,36.8,9,111210.22
4,2,113.09,75,1.83,1,1,1,47.1,43.0,7,57707.78
2,4,158.58,38,2.37,0,1,5,48.2,43.2,9,109544.45
4,1,118.71,21,7.78,0,1,7,49.7,37.4,2,59502.35
6,2,141.23,55,6.29,0,1,5,61.1,54.7,7,85340.61
6,2,112.16,2,5.1,1,1,5,53.1,56.3,5,76401.44
6,2,106.31,6,18.4,1,1,5,39.4,64.7,9,84718.24
3,3,63.72,19,8.7,0,0,7,66.2,37.1,9,81074.95
5,4,40.89,36,3.26,0,1,3,47.1,41.3,9,74072.48
3,4,109.54,29,2.56,1,1,6,45.4,73.3,3,112777.38
5,3,122.26,14,6.51,0,0,3,21.7,47.5,5,77263.98
4,1,68.55,28,11.22,0,0,9,56.3,50.5,1,64856.76
2,4,118.62,26,0.85,0,1,1,51.0,47.4,10,68705.19
2,3,122.15,41,6.17,1,1,1,51.0,67.0,3,87111.35
1,3,33.76,45,3.8,0,1,1,46.0,67.6,7,67746.31
1,3,83.4,70,5.76,1,0,4,44.2,66.7,5,54139.16
3,4,136.29,64,1.28,0,1,7,46.3,50.4,10,84667.06
3,4,135.48,23,11.21,1,1,10,54.6,36.9,9,128262.96
1,3,73.85,72,13.32,0,1,5,56.4,78.9,8,67954.19
3,3,126.34,41,8.14,1,1,2,47.7,62.8,7,63975.75
4,3,160.9,15,15.15,1,0,4,59.5,43.2,2,91194.99
2,2,151.08,27,3.65,0,1,2,49.2,71.4,10,47625.46
3,2,116.19,59,6.06,0,0,5,45.0,42.0,1,83283.96
3,3,101.28,65,8.23,0,0,8,52.0,71.2,5,82759.19
4,1,94.83,29,6.58,0,0,1,36.4,72.2,4,27525.72
3,2,138.71,12,4.04,0,0,8,52.3,36.2,4,76437.67
5,3,127.8,15,4.4,1,1,3,34.6,58.7,10,87128.82
2,4,145.18,8,12.51,1,0,7,39.7,61.7,3,94679.96
3,3,125.27,55,4.9,1,0,9,29.8,89.2,6,93355.19
3,2,152.75,40,10.78,1,0,8,48.2,38.9,3,77271.84
2,2,123.78,36,4.71,1,0,7,66.1,71.5,10,62240.46
5,3,151.39,53,10.73,0,1,7,48.8,50.3,8,98799.28
2,3,154.83,66,5.32,0,1,2,56.4,31.4,5,71482.9
2,1,87.82,63,7.75,0,0,2,73.5,48.2,1,37733.89
5,3,47.67,10,2.85,1,0,4,54.0,50.0,2,87196.66
6,2,181.74,47,6.05,0,1,7,42.3,34.1,3,82261.63
5,3,130.27,70,2.88,0,1,7,43.7,54.7,5,92949.0
6,4,51.42,61,3.58,1,0,8,50.0,64.4,9,140760.0
6,4,91.45,26,3.82,0,1,4,43.7,53.6,2,97732.53
3,3,150.87,31,4.34,0,0,9,44.4,41.9,6,87876.16
5,2,108.81,71,9.89,0,0,5,59.9,47.8,4,57561.29
2,2,99.52,2,3.46,0,1,3,60.3,49.9,1,18759.47
3,1,176.04,42,5.6,0,0,8,33.5,53.3,7,95042.19
4,4,78.11,9,10.76,0,0,2,41.8,66.6,8,74838.76
6,4,88.07,71,7.63,1,0,5,45.4,54.1,10,85148.89
6,4,128.46,3,0.87,0,0,8,56.0,29.0,6,79820.49
3,2,135.62,1,1.24,1,1,8,61.4,41.6,4,90590.36
4,2,139.85,26,6.67,0,0,3,77.0,52.5,9,65097.24
2,4,156.45,16,3.32,0,0,2,45.3,66.9,3,55704.4
5,3,127.94,39,1.06,0,0,1,45.8,69.5,7,68914.88
4,3,139.58,23,3.12,1,0,1,55.9,76.6,10,70613.32
4,2,109.63,28,6.85,1,1,9,43.2,52.0,1,118186.05
5,2,122.51,45,3.78,0,1,8,48.6,61.4,10,97181.12
4,3,124.3,44,5.2,1,0,6,45.8,28.2,3,108300.78
1,4,128.6,74,4.07,0,1,6,23.8,56.4,5,51427.33
2,2,150.9,38,2.76,0,0,4,51.2,33.9,3,46234.71
2,4,142.21,45,5.96,1,0,2,48.2,49.1,2,65758.72
5,1,121.77,54,0.94,1,1,1,62.7,95.0,8,79544.33
1,2,87.63,13,2.46,0,0,7,50.1,54.6,5,99926.98
2,4,122.71,53,8.68,0,1,1,37.5,37.0,6,65670.12
4,4,118.88,68,1.28,0,1,2,47.4,56.1,5,62395.15
5,4,127.73,25,5.0,1,1,8,29.1,42.2,8,91842.23
4,2,208.26,14,3.55,0,0,6,37.9,35.6,10,98951.17
6,4,99.05,27,3.27,1,0,5,56.4,81.5,6,77917.53
6,4,136.89,22,9.26,1,1,3,47.5,66.0,2,130648.56
1,4,162.74,46,10.54,0,1,2,59.2,55.2,4,47637.89
6,1,123.92,69,1.95,0,0,5,30.3,44.1,5,104646.57
4,3,213.51,47,4.37,1,0,4,47.6,45.3,2,94262.76
4,4,104.88,10,0.67,0,1,6,45.2,73.1,3,70432.36
1,4,132.96,25,8.9,1,0,2,59.6,54.6,3,69438.88
4,1,88.05,55,4.8,1,0,3,56.7,10.0,10,93637.57
5,4,105.94,26,1.19,1,1,2,56.4,86.3,5,77420.35
4,1,129.96,46,2.57,0,1,5,65.4,52.7,9,84998.59
1,2,153.85,55,1.79,0,1,3,46.3,55.2,6,76112.75
4,3,132.76,26,2.44,0,1,3,63.4,66.3,6,78240.0
6,2,170.36,51,0.76,0,1,6,39.6,57.0,10,90343.01
5,3,116.2,31,12.42,1,0,5,39.2,61.2,7,70947.95
1,1,106.71,10,2.02,0,1,3,57.5,43.6,3,57847.49
6,3,228.16,29,4.99,1,0,7,35.0,31.6,3,108683.78
6,3,135.77,35,6.81,1,0,4,55.7,54.2,7,57480.09
2,3,91.22,0,10.55,1,1,4,51.0,71.5,1,81605.24
5,2,92.23,71,5.12,1,1,5,60.7,40.3,2,87297.19
3,2,82.29,42,4.02,1,1,2,49.4,39.1,1,56292.26
4,2,157.46,2,5.29,0,1,5,50.6,68.3,8,73537.1
3,2,105.42,69,1.94,1,0,6,55.1,43.1,5,82821.03
5,3,125.09,68,2.09,1,0,2,43.4,43.8,1,104012.89
6,2,117.46,0,3.94,0,0,6,42.9,44.4,8,89107.49
5,2,149.26,13,0.46,0,0,1,54.7,49.0,7,76937.9
6,2,86.13,29,2.81,1,0,7,49.7,26.4,8,102599.98
6,1,76.98,40,3.37,0,0,1,45.9,41.9,2,22626.06
1,3,128.97,58,16.68,0,0,2,49.2,53.5,9,61975.59
2,4,144.04,33,11.5,1,1,4,65.9,53.3,2,71961.83
5,2,133.3,48,6.79,1,1,7,45.6,67.4,6,93239.13
4,4,87.62,0,9.06,1,0,8,45.3,77.6,6,84208.07
1,3,147.1,52,2.08,1,0,5,32.9,72.7,3,78729.17
1,1,90.25,73,5.4,1,0,2,49.6,63.7,4,69772.43
4,2,99.14,42,8.29,1,0,4,56.6,47.8,1,86638.85
4,1,82.24,36,2.09,1,1,8,58.4,40.7,5,125306.89
2,1,172.05,23,1.25,1,1,1,51.1,50.3,7,98695.63
2,2,145.34,76,6.28,1,1,8,59.6,58.8,4,62776.76
1,2,144.2,2,1.4,1,0,4,57.3,62.3,6,57434.61
4,4,169.89,22,7.24,1,0,1,61.1,59.3,10,46846.42
1,1,232.51,11,10.43,1,0,7,59.8,48.2,3,87921.28
4,4,51.63,69,2.16,0,1,1,65.7,61.8,3,48101.16
3,1,90.46,38,2.31,1,1,4,48.3,68.9,2,67718.47
3,1,95.35,73,10.22,1,1,2,36.7,63.2,6,67146.42
5,3,85.97,53,5.14,1,1,6,56.6,49.5,3,102579.47
4,4,76.9,44,9.3,1,1,1,57.8,37.5,9,62144.81
5,3,108.01,41,4.06,1,1,1,65.7,37.1,3,60676.87
5,1,71.34,16,4.31,0,0,6,62.8,39.8,7,72621.88
6,1,133.4,44,5.04,0,0,10,69.5,53.9,2,96829.58
5,2,122.07,54,14.47,0,0,1,56.2,57.8,4,47317.71
4,2,139.24,77,8.8,0,0,5,52.3,28.8,2,56215.18
3,4,140.31,43,2.73,0,1,9,36.2,42.4,6,72242.87
2,2,144.12,75,5.69,0,0,3,53.1,53.6,1,62986.28
4,1,105.06,75,3.83,0,0,5,44.5,36.5,1,51172.5
1,4,204.85,41,3.27,0,0,9,52.1,56.5,6,67507.53
6,1,129.38,35,7.1,1,1,8,50.5,45.4,6,77970.52
6,1,45.5,11,6.09,1,1,3,54.7,39.1,4,61919.93
1,2,79.9,21,2.18,0,0,8,49.0,50.8,5,61846.66
5,2,50.38,70,5.05,1,0,7,59.4,55.9,5,84324.69
1,3,120.69,11,3.19,1,1,6,22.8,37.3,8,88057.62
5,4,115.13,31,6.78,1,1,5,51.9,46.4,5,103114.66
1,4,101.26,55,3.07,0,1,10,62.0,57.0,9,90834.56
3,2,200.44,19,4.33,1,1,9,68.7,38.6,3,139666.66
4,4,141.96,77,3.35,0,1,10,57.3,25.1,2,78625.54
5,3,149.04,51,0.91,0,1,7,66.8,27.0,5,97794.69
3,1,82.76,2,14.0,0,1,4,51.7,43.7,1,65683.53
6,4,80.03,19,5.01,1,0,2,50.0,30.2,7,72907.49
5,1,121.47,59,14.32,0,1,2,55.3,44.8,4,59479.52
2,3,126.92,69,5.18,1,0,10,50.0,75.0,4,106789.1
5,4,45.75,74,8.02,1,0,4,42.2,29.3,6,93066.37
5,1,112.79,68,2.89,1,1,2,44.8,45.8,1,93993.26
3,2,120.56,5,2.95,0,0,3,38.9,82.0,4,24177.36
5,2,111.39,58,4.8,0,0,1,55.3,56.1,10,41728.23
6,4,87.46,8,14.24,0,1,6,50.1,44.5,7,114776.45
5,1,98.42,6,2.25,1,0,6,46.4,47.6,6,104685.74
5,3,112.93,55,0.67,0,1,4,44.3,56.4,6,89042.12
4,2,123.63,38,10.06,1,0,8,55.1,75.4,5,106159.01
2,1,144.19,51,8.37,0,1,5,57.8,42.0,10,41786.13
5,3,163.23,68,3.51,1,1,10,38.7,38.6,10,137291.96
3,4,108.23,5,17.97,1,1,8,37.1,29.3,5,132272.13
4,3,101.75,42,18.48,1,1,1,59.5,51.5,10,67389.98
2,1,137.51,66,0.83,1,0,3,36.2,28.9,1,188421.34
2,1,144.43,35,2.83,1,1,8,55.5,43.0,4,99849.88
1,2,102.63,41,4.77,0,1,6,66.2,36.4,4,40233.27
6,3,151.62,39,6.65,1,1,8,66.2,66.1,7,110289.8
1,3,159.18,72,5.94,1,1,4,57.4,42.4,7,74212.75
1,1,171.67,3,4.99,1,1,1,57.1,56.0,5,82631.92
6,3,191.13,70,1.95,0,1,8,72.5,25.9,3,104453.96
4,2,85.34,65,7.25,0,0,8,26.7,52.0,6,74846.43
3,3,120.56,65,7.55,1,1,7,45.4,32.0,3,125920.35
5,4,120.45,32,9.58,1,0,5,58.5,43.6,5,105032.97
3,3,116.08,41,1.7,1,1,1,46.6,83.2,4,59007.08
1,1,94.03,29,4.2,0,1,8,62.4,64.0,9,72139.37
5,4,60.58,20,3.37,0,1,7,49.6,48.1,8,104466.83
2,1,123.71,70,1.67,0,0,7,51.3,95.0,2,48651.34
4,4,89.27,40,4.14,1,0,2,47.3,36.3,10,80456.09
6,1,123.44,57,2.04,1,0,8,44.8,67.5,7,93777.31
6,3,88.24,8,1.41,1,1,8,44.5,27.0,4,104748.54
3,1,76.01,63,8.45,0,1,9,52.7,46.3,6,51463.11
5,1,129.37,52,3.49,0,0,6,42.3,29.8,2,76944.44
4,3,126.04,79,2.71,1,0,8,59.5,53.9,1,61138.61
3,3,143.17,10,11.21,1,0,5,56.5,50.8,5,70392.53
1,1,207.43,43,7.71,0,0,7,61.0,45.4,8,39549.52
3,4,131.09,40,0.59,1,0,7,38.7,66.4,4,72740.87
4,2,139.4,43,6.68,0,0,8,33.0,41.5,4,91883.12
6,2,76.9,4,6.65,0,0,9,50.0,54.9,10,88330.71
1,2,68.52,37,4.01,1,0,1,79.0,62.3,10,51165.29
5,2,183.31,23,3.89,1,0,8,62.7,27.8,5,83505.53
6,1,83.06,49,1.03,1,1,8,44.5,38.8,1,92493.92
6,2,78.24,18,17.84,1,1,6,54.2,50.8,7,103087.93
3,1,118.44,34,4.13,1,1,6,57.3,59.5,8,87889.43
1,1,116.39,49,6.42,1,1,8,36.3,71.3,10,103926.86
2,2,83.9,5,4.32,1,0,5,63.7,46.8,10,98514.71
6,3,107.8,62,2.75,1,1,5,48.3,45.3,7,97635.22
6,4,169.18,57,8.91,0,1,9,49.1,36.9,2,72927.14
4,2,87.76,4,5.56,1,0,8,50.2,54.9,3,84061.94
1,2,64.25,5,4.16,0,0,3,61.4,45.5,8,55811.95
1,4,157.7,68,6.37,1,0,9,42.4,45.9,7,90148.94
3,3,139.69,22,4.63,1,1,4,32.9,48.6,5,79571.99
4,4,95.18,68,14.97,1,1,2,53.2,58.3,5,80706.44
1,4,56.71,39,8.7,1,0,9,29.6,41.5,8,141708.04
5,4,90.22,27,7.13,0,1,3,47.0,38.4,5,72753.1
4,4,117.81,21,1.17,0,0,3,61.9,56.5,2,63760.52
1,2,166.63,52,7.31,0,1,3,55.8,10.0,10,53409.65
1,2,78.54,8,7.18,0,0,5,60.4,40.9,4,81029.36
3,2,116.62,32,2.07,1,1,2,56.2,32.7,3,94875.63
5,1,147.01,27,1.14,1,0,2,74.1,68.0,1,69969.07
5,3,30.0,12,8.45,1,1,4,44.1,43.4,5,115758.05
3,3,161.35,28,9.2,0,0,3,54.0,41.6,10,60912.96
2,4,72.7,42,2.96,0,1,2,45.6,49.3,2,60695.52
6,1,133.28,54,2.85,1,0,10,59.6,41.1,3,126731.99
3,2,129.87,6,5.49,1,1,6,49.4,44.0,2,104918.11
2,1,163.38,69,3.48,0,1,1,67.2,51.5,1,9752.12
3,4,142.04,70,1.11,1,1,2,44.7,43.7,7,97116.06
1,2,30.0,55,2.05,1,0,9,64.1,43.6,3,80392.14
2,1,88.61,73,6.25,1,1,3,55.9,34.8,8,91058.82
4,3,125.53,34,2.16,0,0,2,49.7,32.7,5,73386.86
6,4,112.2,65,9.52,0,0,7,55.4,50.9,7,57508.39
5,4,139.1,58,7.1,1,0,9,52.6,54.6,1,103450.67
5,1,151.57,45,6.43,1,0,4,53.6,28.6,4,83485.72
4,2,144.34,14,5.41,0,1,8,47.9,61.4,5,94375.03
1,1,111.43,44,2.65,0,0,5,43.0,61.5,1,59789.14
3,2,46.15,72,7.8,1,1,2,46.6,64.6,5,94347.3
6,3,101.78,78,2.58,0,1,8,33.2,54.5,5,103267.33
1,2,136.65,35,9.89,0,0,10,58.4,59.6,5,77354.56
6,1,76.38,19,13.44,1,1,10,37.6,82.8,6,121006.15
5,3,145.25,59,5.54,0,0,2,47.8,45.5,8,98706.91
2,1,156.34,6,12.27,1,0,6,56.5,34.3,8,99016.77
5,1,125.07,12,2.08,1,1,7,58.4,27.0,1,102403.67
6,1,30.0,44,7.16,0,1,1,32.3,76.3,7,61488.3
1,1,68.88,79,4.9,0,1,10,49.1,76.5,10,83075.16
1,2,195.45,26,8.55,1,0,2,54.6,36.1,9,71049.48
4,4,98.14,35,0.63,1,1,3,50.5,39.1,4,127946.46
6,4,40.63,25,8.2,1,0,10,63.4,45.1,8,101021.48
1,1,169.41,35,2.87,0,0,6,41.8,68.4,9,80133.53
4,1,120.53,0,5.08,0,1,7,29.5,30.7,4,91057.35
1,2,164.2,47,17.64,1,0,5,58.1,20.5,9,60521.77
4,3,131.08,47,7.33,0,0,8,44.6,82.5,7,75365.78
4,3,138.34,25,6.66,1,0,1,32.4,54.7,8,68580.87
1,4,134.52,21,6.27,1,0,7,48.4,56.8,8,101433.12
5,2,147.9,60,10.6,0,1,1,62.3,46.9,8,62279.68
6,1,211.1,15,8.76,1,0,2,37.4,57.0,10,60276.29
6,1,158.84,3,6.32,0,1,6,73.4,27.3,9,108060.77
1,1,56.79,3,5.76,0,0,5,41.6,37.4,5,80272.07
2,1,137.87,70,5.48,0,1,2,50.9,51.6,6,79051.06
2,4,165.66,29,4.7,1,1,8,37.8,15.9,7,123750.59
3,2,168.11,8,1.67,1,0,4,50.4,45.5,9,86757.55
1,4,102.94,70,7.22,1,1,9,48.7,44.5,4,116013.41
6,3,166.6,11,3.12,0,1,1,35.1,45.5,4,65715.28
5,3,157.11,26,4.27,1,1,3,78.3,41.7,8,91359.19
5,2,222.9,1,9.17,0,0,3,45.0,35.1,10,71576.9
2,4,90.0,54,4.78,1,1,6,45.1,22.7,10,86313.63
1,1,99.7,55,4.5,0,1,5,59.7,52.2,2,60329.59
6,1,107.76,60,5.55,0,0,2,68.1,45.5,10,47749.46
2,2,100.39,21,3.85,1,0,6,61.3,29.4,8,87076.44
4,2,84.4,26,17.39,0,1,10,38.0,50.9,2,99084.09
6,3,30.0,75,15.84,1,1,2,52.1,45.6,1,94957.05
1,3,102.61,65,15.56,0,0,3,31.2,43.1,3,44249.58
1,3,134.77,2,6.29,0,0,5,59.0,17.6,10,72934.61
1,2,100.27,55,2.95,1,0,8,33.6,60.2,8,80325.82
1,2,197.42,65,9.34,0,1,2,42.0,31.5,6,50966.51
1,4,120.54,44,3.87,1,1,3,50.0,50.9,7,75798.25
5,1,171.64,51,9.91,0,1,3,54.5,37.9,5,63761.35
4,3,130.46,0,2.84,1,0,7,47.4,44.2,10,115333.85
6,3,153.06,2,6.62,1,0,1,65.2,67.3,2,71788.59
5,4,131.17,2,10.88,0,0,7,57.2,58.0,4,66660.15
6,3,174.75,12,4.05,0,1,5,56.4,67.0,3,98514.34
2,2,122.24,79,4.03,1,0,4,37.7,55.0,9,92925.85
2,2,139.84,50,1.27,1,0,9,67.0,55.9,6,80852.3
6,2,134.65,62,2.91,0,1,9,42.0,23.3,7,124355.04
2,2,108.47,23,6.2,0,1,9,67.4,45.2,10,95414.52
1,1,136.2,75,6.89,0,0,9,70.2,46.6,2,62082.27
5,3,209.38,15,7.62,0,0,3,55.1,68.4,10,70959.5
5,1,109.18,72,0.81,0,0,9,60.3,42.4,2,79306.63
6,3,136.78,2,3.89,0,1,2,20.0,54.0,8,90924.56
6,4,170.31,1,1.43,1,1,4,48.0,53.4,8,108218.93
1,4,165.61,6,5.97,1,1,6,61.0,67.4,9,89055.63
5,1,120.47,63,1.03,0,0,8,59.2,48.0,2,44375.99
6,4,30.0,20,1.86,1,0,6,37.8,62.4,10,108994.57
5,1,140.67,36,8.65,1,1,6,47.1,24.4,8,95703.34
5,2,31.22,37,3.2,1,1,4,24.6,25.8,2,108635.07
6,1,178.8,63,12.34,1,0,6,54.1,15.7,6,99554.79
3,1,126.78,27,7.77,1,1,5,31.2,61.8,9,83838.58
1,1,159.99,0,4.06,1,1,5,61.3,60.1,5,96118.84
3,1,83.92,30,9.61,0,0,6,61.8,63.5,4,61808.2
2,4,57.9,23,4.34,0,1,7,45.3,39.8,3,91714.45
1,1,130.43,58,8.31,1,0,4,55.2,41.5,6,66107.72
1,2,118.66,60,2.79,1,1,2,47.8,48.2,10,102374.47
5,3,100.34,7,10.0,0,0,3,52.4,71.7,7,51928.82
4,4,123.39,63,1.14,1,1,5,38.5,75.4,8,93152.64
4,4,230.7,5,1.86,0,1,2,56.2,61.9,8,56755.63
5,1,153.38,49,2.17,0,0,2,33.6,55.0,8,70507.32
4,4,161.98,31,3.05,1,0,10,31.7,70.0,5,102493.02
4,3,153.76,24,6.36,1,1,3,48.8,46.2,8,84950.73
1,1,179.18,38,4.98,0,1,8,47.9,44.1,4,71275.15
6,2,112.4,24,8.38,1,1,2,52.7,48.1,6,84514.61
3,4,37.81,63,10.98,1,1,10,43.5,35.3,4,97738.28
1,2,112.46,77,1.01,0,1,3,68.9,47.4,10,29250.68
5,1,152.47,65,11.89,0,1,4,51.6,33.2,8,80043.01
5,4,81.21,35,4.27,1,1,8,52.3,65.4,6,76773.07
1,4,112.95,40,15.36,1,0,3,52.0,58.2,5,82969.23
2,4,92.33,35,2.68,0,1,6,60.0,71.4,6,101324.39
1,4,180.08,63,0.71,0,0,8,55.8,25.6,8,87473.06
2,4,149.98,44,7.83,0,1,1,54.4,78.5,3,72096.48
1,2,146.06,37,7.49,1,0,1,57.4,26.4,9,67323.52
5,1,144.86,32,1.91,1,0,8,31.8,32.0,3,125696.02
4,3,118.51,30,2.09,1,1,3,32.1,40.7,2,85670.61
6,1,127.9,44,8.82,0,1,10,49.2,69.6,8,55684.41
5,2,72.59,55,6.58,0,1,10,48.0,53.4,8,97154.42
4,3,32.54,34,3.94,0,1,9,55.8,46.3,4,120571.14
4,4,126.0,64,7.07,0,0,10,50.2,38.1,7,106090.57
1,2,132.96,66,6.12,0,1,9,55.8,29.4,8,82847.14
1,2,168.37,34,2.3,1,0,4,37.5,67.0,8,80715.41
4,3,182.85,72,9.28,0,0,10,49.9,62.0,10,105385.39
1,1,182.8,13,8.07,0,0,4,36.6,70.3,9,53721.02
1,3,80.08,74,5.06,0,1,6,53.9,56.0,5,112430.55
2,3,105.91,23,8.82,1,1,1,31.2,10.4,3,79277.12
6,3,139.21,45,16.63,1,1,10,53.5,31.3,1,129346.02
3,2,221.28,22,2.07,0,0,6,35.3,57.0,6,89001.19
5,4,179.2,35,4.08,0,1,10,46.2,44.5,7,99513.25
3,2,164.78,27,4.24,1,0,4,58.9,41.6,7,75683.48
2,3,104.49,56,8.69,0,0,4,52.3,33.5,1,75994.21
3,2,84.67,6,3.02,1,0,6,33.5,64.2,8,93739.86
1,1,151.56,67,8.36,1,0,9,43.3,56.8,8,92927.43
5,3,75.97,72,3.32,0,0,6,35.0,57.5,8,55554.66
2,1,110.46,45,1.85,1,0,8,33.1,40.5,6,105277.41
3,4,115.41,43,5.29,0,1,3,51.2,52.6,1,71316.53
6,3,183.72,55,3.26,0,0,8,55.6,29.9,5,91348.74
4,2,105.81,15,5.69,1,0,8,54.4,48.1,7,104097.5
3,2,30.0,59,6.73,0,1,9,56.0,12.1,6,91294.4
4,3,140.18,17,1.09,0,0,1,49.9,26.5,6,59087.49
5,2,92.04,54,3.58,0,0,4,47.3,45.2,6,65302.66
2,2,121.71,24,5.3,1,0,1,39.3,85.6,6,52258.7
4,2,116.53,59,8.85,0,1,5,45.6,23.0,4,114589.74
6,2,109.05,63,8.11,0,1,8,36.8,31.3,7,112184.1
4,4,151.61,16,2.48,0,0,7,41.5,53.3,3,71244.99
3,1,58.69,49,4.4,1,0,8,50.9,76.5,5,112278.41
1,4,99.32,39,6.98,1,0,8,48.8,53.0,5,87228.3
2,2,147.36,23,4.17,1,1,10,80.6,60.5,8,103815.69
6,3,95.44,47,2.7,1,1,9,36.5,44.9,9,134995.51
4,1,55.65,79,4.83,1,0,6,48.7,42.3,7,54812.78
2,2,146.74,0,6.51,0,0,9,35.8,51.2,2,81041.16
3,4,164.92,76,2.27,0,1,1,46.1,40.1,7,62229.66
4,2,118.2,68,7.52,1,0,8,46.5,60.9,4,94293.14
4,1,41.57,42,5.53,0,1,6,58.4,25.9,1,79249.66
5,3,148.24,48,7.71,0,0,10,45.5,63.3,2,86256.04
2,1,53.6,29,4.75,0,1,6,48.1,50.6,10,73529.68
4,2,132.35,10,15.01,0,1,2,45.7,46.8,5,82964.85
3,2,84.5,45,6.42,1,1,8,36.0,25.4,3,112740.85
6,3,73.61,65,8.33,0,1,10,43.5,35.3,2,102642.4
1,3,102.32,18,7.5,1,1,1,46.2,68.0,7,72779.47
1,3,112.67,57,4.36,0,0,1,50.7,46.9,8,79041.97
3,4,94.23,59,6.02,0,1,7,55.6,54.2,4,87544.01
4,1,143.55,60,3.08,1,1,6,47.7,36.8,2,84396.71
5,2,102.16,27,14.3,0,0,6,47.5,49.6,4,44117.88
3,1,159.21,31,6.94,0,0,1,32.8,29.4,7,35591.34
6,1,131.25,33,2.56,0,1,6,55.4,51.5,2,69157.55
3,1,92.1,68,12.2,1,1,6,43.0,55.6,3,82371.91
1,3,85.36,72,4.53,1,1,9,57.5,54.8,1,86170.46
1,4,54.1,33,9.15,0,0,4,63.2,36.4,5,68231.26
6,4,131.63,77,1.06,1,1,4,48.1,44.9,2,87997.47
1,3,105.82,45,10.74,1,1,1,39.8,58.1,2,53220.5
6,4,30.0,30,6.74,0,1,6,49.8,46.8,2,95082.83
2,1,98.57,0,2.39,1,1,7,53.5,45.7,8,119941.89
1,4,83.96,48,6.66,1,0,3,46.8,78.6,5,50513.18
2,4,183.03,51,13.37,0,0,8,44.4,35.7,10,92839.17
4,1,51.89,77,3.15,0,1,10,55.6,66.2,4,55946.16
3,2,62.35,57,3.12,0,0,2,55.0,32.7,3,33967.84
5,4,164.4,2,4.31,1,0,6,46.5,59.8,3,87667.66
4,2,174.27,45,5.26,1,0,7,33.5,60.6,10,113404.06
3,4,90.2,59,9.56,0,0,1,54.6,42.3,6,45032.49
4,4,94.72,39,7.01,1,0,2,42.3,31.7,4,70441.98
6,2,144.65,34,4.31,0,1,4,52.1,20.4,7,86004.0
3,1,30.0,64,6.2,0,0,2,51.5,40.8,6,50804.81
1,2,45.55,48,14.82,1,0,4,31.1,57.9,2,55521.75
3,1,108.77,54,7.87,1,0,2,50.8,33.8,8,99593.77
6,2,182.0,37,4.67,0,1,9,55.1,51.5,2,88323.2
2,3,102.57,22,4.21,0,1,6,56.4,27.9,2,84512.81
6,2,124.04,41,5.94,0,0,4,51.2,46.5,8,64367.28
4,1,165.35,76,9.48,0,0,8,30.2,32.8,5,88887.91
4,2,204.28,48,2.79,1,0,1,62.8,48.8,3,84357.65
2,3,96.93,56,8.62,1,1,6,54.1,42.5,1,113957.76
6,1,119.33,9,4.6,0,0,7,38.0,32.1,6,73923.02
1,1,192.88,79,5.12,0,0,9,42.1,40.1,7,94232.86
2,4,59.11,19,22.65,1,1,3,52.3,36.0,3,92666.77
3,1,161.1,77,8.03,0,1,6,56.8,30.3,5,90716.47
3,2,79.27,35,3.35,1,0,8,45.1,66.2,4,89714.15
3,1,124.1,73,6.73,0,0,8,58.3,44.6,9,72064.87
1,1,110.3,71,9.81,0,0,2,32.1,17.0,8,70030.43
2,2,81.68,60,8.09,0,1,10,39.6,40.7,3,107417.2
1,3,80.68,73,0.57,0,1,3,29.4,63.7,6,91681.98
4,1,131.06,48,4.97,0,0,4,41.0,38.6,10,70930.09
3,1,159.82,67,6.93,1,1,2,65.1,72.5,4,61103.7
4,1,114.81,13,6.55,0,0,2,70.6,37.2,2,12523.5
4,3,122.8,5,3.57,1,0,3,52.3,57.6,3,54877.64
5,4,142.85,43,8.19,1,1,2,43.6,65.5,7,79971.17
4,1,81.14,64,10.77,1,0,8,47.8,56.8,10,73359.25
4,2,149.59,61,1.13,1,1,6,54.7,29.4,4,113839.1
4,2,152.77,42,1.02,0,0,4,34.4,35.9,1,49948.16
4,2,224.15,41,6.68,0,1,6,44.3,67.6,2,67701.08
4,1,104.96,48,8.65,1,0,7,64.3,37.9,5,78924.41
2,1,101.68,69,3.16,0,0,2,39.5,64.6,1,58720.82
2,3,150.76,67,0.61,1,1,3,42.5,43.5,1,74637.97
5,2,152.76,8,5.03,1,0,9,50.1,52.1,7,112380.76
3,2,98.6,47,6.62,0,1,1,52.8,29.2,9,68458.25
4,2,103.87,30,4.04,0,1,10,43.7,40.9,3,113248.41
2,4,141.65,63,9.97,0,0,10,50.8,36.9,6,105739.51
3,3,86.9,40,6.33,0,1,3,56.1,53.4,6,68280.13
4,2,103.58,79,2.89,0,0,4,69.6,51.4,7,36174.61
4,1,123.58,34,3.14,1,1,3,48.7,56.9,10,78923.92
4,4,159.84,54,5.11,1,1,6,49.6,42.6,9,106448.37
3,4,95.82,8,3.83,0,0,3,65.3,36.0,4,72192.01
6,1,46.3,74,0.95,1,1,8,44.5,52.7,10,94573.46
4,4,43.34,12,5.95,1,0,4,36.8,34.6,1,104980.33
5,3,69.62,30,3.21,1,1,10,52.5,66.2,10,116693.58
5,1,67.47,67,3.67,1,1,9,60.8,48.3,2,84496.83
4,4,113.82,77,2.05,0,0,5,53.6,45.1,2,65575.88
6,1,72.44,38,13.59,1,1,6,49.0,56.9,2,156043.21
1,1,91.89,38,7.71,0,1,1,35.5,48.9,2,57655.42
6,1,89.04,3,15.81,0,0,1,49.4,25.1,5,73468.96
6,2,102.38,78,4.03,0,1,6,62.3,34.1,7,69853.4
4,3,172.9,1,8.01,0,1,5,37.7,65.9,8,74415.24
5,2,146.48,2,6.03,1,0,4,47.6,51.3,1,69703.43
4,1,120.65,37,2.99,0,1,1,46.1,24.8,3,65552.32
2,1,101.56,0,4.0,1,1,9,43.0,55.3,2,98066.01
5,4,102.67,13,7.7,1,0,5,52.5,41.6,2,97491.58
2,4,133.11,50,2.05,0,0,5,54.4,36.9,8,71742.15
2,4,143.37,56,10.04,1,0,5,54.3,32.8,7,77366.89
4,1,83.7,23,5.67,1,0,5,40.2,65.0,3,73272.97
6,4,121.46,63,9.17,1,1,7,33.5,20.5,4,133240.93
3,3,38.74,48,6.63,0,0,8,52.6,37.4,10,63570.05
3,3,128.47,18,1.14,0,0,6,44.9,51.8,6,85744.88
1,1,150.49,56,4.97,0,1,2,68.4,73.7,3,61875.56
1,4,108.8,47,10.18,1,1,9,68.8,58.3,10,99548.18
1,2,192.66,64,5.61,1,1,3,69.9,37.3,2,64321.0
1,1,84.75,12,5.07,1,1,1,40.6,72.9,3,73633.56
6,1,128.7,18,5.61,0,1,1,55.7,29.7,7,51174.18
6,2,118.57,24,0.87,1,0,8,58.7,54.0,6,100674.9
5,1,115.99,27,10.89,0,1,4,57.6,57.3,1,44578.34
1,2,115.43,71,0.43,1,1,1,46.5,36.8,9,49625.75
1,2,124.28,58,12.41,1,0,9,62.8,60.5,3,80729.47
2,4,153.92,43,3.81,0,0,4,50.0,42.3,7,52680.63
4,1,175.11,43,6.96,0,0,10,51.3,60.4,4,80394.72
3,3,119.91,70,0.79,0,0,9,34.6,22.4,8,117388.55
3,4,152.61,35,8.59,1,1,1,56.4,55.0,9,108097.59
2,4,91.93,18,7.62,1,1,7,47.4,43.8,8,108079.47
5,4,150.64,10,7.3,0,0,7,54.6,67.2,10,99861.89
2,1,89.52,26,0.75,0,1,2,52.4,49.3,6,66391.08
1,4,163.63,52,2.66,0,1,4,51.8,68.7,1,57079.2
5,4,208.43,37,6.66,0,0,5,49.5,57.6,6,47676.59
6,2,115.12,33,10.69,1,1,2,57.9,48.1,5,105061.56
1,2,32.3,38,2.33,0,1,8,48.0,61.8,8,65808.19
3,3,98.08,77,2.38,1,1,3,35.4,61.9,3,104113.43
5,2,169.28,79,6.35,0,1,10,55.7,57.1,7,103752.93
5,2,142.12,12,21.36,1,0,9,41.9,15.6,5,96433.64
6,4,129.96,9,3.03,1,1,7,36.8,35.3,7,125126.68
3,4,160.35,19,3.77,0,0,2,39.8,70.8,5,93051.12
3,2,139.38,68,3.34,0,1,1,52.8,31.2,4,85598.11
5,4,168.71,36,4.6,1,1,2,49.0,63.2,3,133077.56
1,2,156.78,69,11.26,0,0,5,28.7,60.6,9,52853.44
2,4,180.87,51,4.79,0,0,8,46.2,39.1,1,83204.12
4,3,134.35,44,22.68,1,0,2,61.7,20.1,3,73025.57
5,2,156.21,22,5.47,0,0,8,45.5,41.5,5,105308.14
1,1,107.71,27,11.99,1,1,1,48.3,81.2,2,63054.79
4,3,95.94,11,4.0,1,0,3,60.4,37.1,10,60862.61
3,2,188.27,41,1.67,0,0,6,58.0,38.1,4,81764.07
4,1,128.65,22,4.79,0,0,9,60.2,35.0,3,110864.29
6,1,152.2,23,7.38,0,1,8,22.3,68.2,3,87393.19
1,4,124.95,3,2.68,0,0,6,67.3,46.4,2,74415.07
6,1,96.54,63,10.76,0,0,1,56.4,40.6,7,68568.26
3,4,120.44,75,3.47,1,0,3,74.6,71.2,5,84290.02
5,4,177.44,39,2.06,0,0,8,42.2,58.7,3,77556.79
3,1,142.21,42,19.98,0,0,1,32.4,36.2,9,52448.55
2,3,51.54,74,2.56,0,0,8,50.1,31.6,7,78627.32
5,3,111.39,40,3.39,0,0,8,47.2,67.4,5,57948.13
5,2,191.29,49,8.24,0,0,8,56.5,50.3,6,79927.55
1,3,111.45,34,3.89,0,1,3,60.7,26.8,7,99025.82
5,2,47.98,41,2.12,1,0,3,49.1,23.3,2,55939.21
5,2,195.72,41,3.12,1,1,2,47.6,33.3,9,90509.42
3,2,147.3,56,16.49,1,1,4,55.2,31.4,3,84214.06
6,4,117.2,48,7.56,1,1,6,47.4,19.3,1,110877.83
4,3,105.14,40,8.62,1,1,2,46.6,33.5,6,73592.17
3,2,163.29,6,6.13,0,1,6,60.4,36.2,9,64989.86
1,4,98.32,72,6.9,0,0,3,62.6,43.1,8,38249.68
5,4,165.93,71,3.66,1,1,6,60.8,75.4,4,114260.99
2,4,141.69,14,5.59,0,0,4,48.3,46.0,4,54984.86
5,3,129.79,23,0.67,1,0,10,28.6,47.5,6,111891.21
4,2,125.82,77,9.75,1,1,4,48.5,57.6,3,113232.32
3,4,113.0,25,3.63,0,1,9,42.4,46.4,9,93164.77
1,2,161.83,64,1.82,1,0,2,48.7,56.0,3,68182.43
5,2,85.39,62,5.83,1,1,1,43.3,54.2,3,90154.72
1,2,55.12,68,4.35,1,1,2,49.8,51.8,1,80272.86
3,4,144.58,1,9.51,0,0,5,39.6,91.5,7,49556.82
6,3,145.25,38,4.87,0,1,10,37.2,63.7,1,86990.12
6,2,139.21,45,3.07,0,1,2,62.2,33.8,9,77746.88
6,2,136.31,66,4.96,0,1,8,40.3,55.6,10,123580.9
6,2,107.18,17,12.9,1,1,7,50.0,38.1,2,90429.12
4,3,151.5,24,9.73,1,1,4,59.5,56.7,1,75321.03
2,2,118.18,14,7.55,0,0,4,59.1,29.4,10,74861.87
6,3,100.52,60,10.02,1,1,10,57.9,33.4,2,124142.62
5,2,107.52,79,7.96,1,0,8,53.0,55.2,5,103192.92
6,2,200.83,11,2.4,0,1,3,57.2,65.0,9,61250.87
4,4,50.6,18,8.67,0,0,10,63.7,57.5,2,78562.12
1,2,139.99,24,10.82,1,1,5,54.3,62.8,7,85250.61
4,1,52.84,71,11.23,1,1,1,31.6,55.6,4,87470.16
3,2,115.67,35,1.96,1,0,9,44.7,52.6,5,97435.09
6,3,102.65,22,3.4,1,1,9,57.0,42.4,10,119406.29
3,1,36.6,25,3.0,1,0,5,43.7,62.2,7,62472.99
2,2,135.56,47,3.97,1,0,8,66.2,65.4,4,112571.14
1,1,104.8,30,7.01,0,0,3,49.4,49.1,10,54566.27
6,3,36.03,11,5.72,1,1,9,50.9,48.2,6,132083.73
5,3,153.58,65,5.72,1,0,4,61.2,73.9,1,70978.27
1,4,177.4,33,1.5,0,1,3,48.2,49.7,4,72309.19
3,2,179.6,20,3.3,1,1,6,51.8,51.1,3,72309.66
3,4,134.36,58,11.78,1,0,3,59.0,57.3,7,43701.01
3,1,121.84,59,10.79,0,0,7,35.3,48.5,9,92777.3
6,4,173.13,12,4.81,0,0,8,47.1,37.7,1,92289.6
1,3,187.3,5,8.68,1,0,5,58.3,55.7,8,85051.75
2,4,165.34,3,6.57,1,1,8,50.7,49.4,10,93956.04
2,4,82.34,61,9.34,1,0,5,64.7,77.6,10,63117.09
2,3,128.05,50,8.95,0,0,10,34.2,61.8,7,104653.65
6,2,137.58,63,5.1,1,1,3,33.1,41.1,4,116955.04
6,3,47.62,50,7.58,0,1,8,57.7,60.9,2,75850.37
1,4,138.77,32,6.88,0,1,6,58.7,54.6,10,90449.04
4,4,210.92,47,5.2,0,1,10,48.1,69.6,5,102469.98
2,4,145.6,57,4.4,1,1,3,54.0,42.1,4,84627.29
2,1,178.94,31,15.04,1,1,2,57.5,52.8,8,97851.69
2,3,127.32,73,5.21,0,0,9,41.9,48.5,8,80452.08
2,1,117.07,71,8.32,0,0,10,42.9,50.9,9,100191.75
3,3,135.25,64,14.3,0,0,8,51.9,36.7,9,90969.56
6,4,87.37,79,7.57,0,1,5,59.0,58.6,9,81383.79
4,1,81.45,31,7.34,0,1,5,38.3,56.3,2,89539.57
5,3,170.65,9,5.23,1,1,7,48.0,69.3,2,104636.94
3,4,174.89,38,6.96,0,1,8,47.6,49.8,3,90880.22
1,4,80.36,59,4.12,0,0,3,54.2,43.8,7,81886.09
1,2,158.72,62,24.56,0,1,1,49.9,61.8,6,66419.8
2,1,116.52,31,1.54,1,0,1,44.5,38.1,9,86733.12
2,4,133.59,23,4.61,0,1,4,62.5,66.3,9,14530.96
6,4,138.41,35,7.66,0,0,7,44.6,66.2,9,92006.13
6,3,159.77,64,7.34,1,0,5,47.1,68.9,1,82608.78
6,4,123.31,4,4.11,0,1,7,34.1,55.6,7,100377.39
4,1,176.41,26,1.03,0,1,5,42.9,42.7,9,91747.3
4,3,132.38,18,1.79,1,1,3,55.2,51.6,10,96881.56
4,1,144.97,64,6.01,1,1,8,53.2,55.7,4,105484.22
3,4,86.67,37,0.72,1,0,8,56.0,41.6,8,102445.83
5,3,206.35,6,8.03,0,1,10,55.5,70.0,5,121392.38
5,4,138.79,20,11.4,0,1,9,70.9,58.7,2,102583.24
5,3,148.52,3,9.03,1,1,4,42.5,36.6,4,107676.15
4,1,55.67,38,10.26,1,0,8,33.8,78.2,3,90578.16
1,1,87.09,79,0.76,1,0,4,39.5,51.5,10,91115.52
5,2,169.52,45,4.24,1,1,9,43.0,33.6,2,127914.83
3,3,131.48,69,2.24,1,0,7,40.3,37.5,2,94279.64
5,1,43.45,59,1.23,1,1,9,50.9,72.3,6,115068.81
4,4,161.53,70,3.58,1,1,3,62.5,77.4,6,84333.95
6,1,98.25,24,14.07,1,1,1,65.4,65.1,6,95266.15
3,2,176.45,76,16.62,1,1,2,55.0,69.8,2,81986.0
6,1,116.49,19,2.5,1,0,6,71.4,68.2,5,70668.11
6,2,128.19,35,5.48,0,0,10,46.4,58.4,10,128907.25
2,2,167.16,54,6.89,1,1,7,33.7,54.9,1,60508.3
3,1,84.1,22,4.27,0,0,9,60.5,58.1,8,87138.85
4,3,80.29,21,11.95,0,0,5,31.6,61.0,2,58555.88
5,4,112.14,10,3.62,0,1,10,42.4,38.9,3,138239.32
5,4,153.09,0,3.15,1,1,10,55.2,61.0,9,128322.97
6,2,66.76,40,2.62,0,0,3,49.0,71.9,3,45317.69
3,4,53.28,78,4.24,0,1,9,48.1,46.9,6,93157.43
4,4,152.95,17,0.23,0,0,1,38.2,45.3,4,57363.09
3,4,95.88,35,4.4,0,0,6,49.9,57.1,7,73028.68
6,2,104.31,74,5.73,0,1,5,60.0,40.3,5,73482.99
2,4,45.73,61,6.0,0,0,4,50.2,30.2,5,58387.93
4,3,92.84,0,2.11,1,1,10,41.7,67.2,9,125482.38
1,1,119.7,40,5.92,0,0,7,37.5,43.2,6,75666.6
6,2,157.22,11,5.83,1,1,2,41.9,50.3,6,72722.62
3,3,89.15,19,5.92,1,1,2,53.9,40.8,9,61812.13
3,1,186.3,19,9.15,1,1,2,53.4,69.2,5,73806.38
4,2,92.62,48,2.03,1,0,4,42.0,62.8,9,90215.26
3,4,92.68,15,4.3,1,0,1,27.9,46.4,8,92672.62
6,1,181.49,20,0.96,1,1,3,54.2,32.3,9,101482.33
4,2,128.46,18,8.58,0,1,8,41.0,44.8,5,116486.63
4,1,97.92,28,2.34,1,1,9,56.9,58.6,6,117615.08
1,3,113.79,52,10.12,0,1,8,42.4,52.8,2,120806.88
1,1,174.12,31,10.36,1,0,5,40.1,51.6,2,116418.48
3,4,178.65,26,4.64,1,1,7,51.5,53.2,2,75541.59
6,1,87.33,41,4.45,1,1,10,73.6,61.4,7,70845.17
6,4,118.3,49,1.4,1,1,1,57.5,49.4,4,84645.24
4,4,123.61,1,5.35,0,1,10,51.4,56.8,3,110736.87
4,4,80.55,71,9.09,0,0,8,53.6,35.2,7,87445.19
3,4,117.77,73,6.47,1,0,4,32.5,88.3,4,86178.63
2,1,120.21,48,12.91,0,0,5,38.8,45.7,2,53713.73
1,4,165.61,45,3.92,0,1,5,24.9,53.1,6,71618.64
3,3,168.3,55,3.92,0,0,2,67.3,58.5,6,46447.31
2,4,106.83,35,2.48,1,0,3,65.3,43.8,2,71920.38
2,4,111.44,29,18.65,0,0,3,53.9,50.1,3,70823.82
2,3,146.57,28,1.39,1,0,1,51.4,49.9,3,61548.98
1,2,96.59,12,8.65,0,1,6,34.5,36.3,7,78177.95
4,1,143.55,67,9.22,0,1,5,47.8,56.6,3,75524.9
6,1,116.48,25,8.96,0,0,4,67.9,25.3,1,56960.96
5,2,81.22,22,2.67,0,1,2,51.3,76.3,3,76536.92
3,4,81.73,77,4.64,1,1,10,44.4,61.9,5,98972.17
3,3,177.88,40,7.81,1,1,7,32.4,59.6,8,87919.63
2,2,113.74,49,3.2,1,0,5,63.8,24.0,1,83473.62
1,1,185.61,19,4.15,0,1,8,49.3,38.1,9,91491.91
4,3,99.45,22,3.24,1,0,4,32.4,70.8,4,69983.05
4,3,131.65,58,5.63,1,1,3,40.8,95.0,4,96694.06
1,4,215.71,36,5.36,1,0,7,37.2,67.9,1,113855.42
3,3,77.7,11,14.44,1,1,8,48.7,65.6,3,90094.43
2,3,44.09,66,7.93,1,0,7,52.1,57.9,5,108140.46
2,4,171.46,32,1.73,1,1,6,45.0,37.3,7,71407.95
5,2,86.93,53,1.87,0,1,1,57.8,64.9,8,76426.76
4,4,119.17,27,8.76,0,0,7,50.8,33.5,6,74966.53
4,2,96.56,44,5.31,1,1,7,60.6,31.8,2,113305.77
5,1,130.73,62,17.93,1,1,5,46.4,30.9,4,75335.98
6,2,81.98,70,17.9,0,0,3,80.5,64.6,8,50471.56
5,1,112.8,16,2.47,0,0,10,44.4,49.1,7,79519.31
4,1,137.99,53,6.54,1,1,4,41.0,51.5,6,81521.28
6,4,79.67,73,1.89,1,1,3,39.7,49.8,6,123213.68
3,4,92.0,51,8.66,0,1,8,47.9,33.1,6,95367.07
6,1,106.1,11,15.81,1,1,5,32.8,39.9,10,130196.48
5,4,62.85,15,5.9,1,1,6,52.9,40.7,6,101166.92
4,1,103.1,16,3.81,1,0,7,30.9,28.9,6,121698.3
6,2,124.75,8,7.02,1,0,4,51.6,42.4,4,61144.92
4,3,104.02,60,9.9,0,0,2,36.5,33.8,5,60594.19
5,2,109.14,77,9.95,0,0,2,46.2,58.7,8,48066.63
2,3,119.2,41,3.85,1,1,10,56.0,59.9,9,134163.44
6,4,93.77,47,3.13,0,1,6,73.0,30.6,8,95448.98
4,1,147.64,61,6.29,0,0,5,39.2,45.6,7,36750.24
5,1,177.44,33,4.05,0,1,4,48.5,77.8,8,47252.19
3,4,101.42,37,11.95,1,0,8,42.8,35.3,1,83165.68
6,3,139.41,47,4.01,1,0,10,41.3,56.4,3,122997.78
1,3,110.42,24,5.59,0,1,8,42.9,51.6,3,97232.05
1,2,134.62,4,6.9,1,1,6,58.2,66.4,7,82787.09
4,2,182.63,45,1.44,0,1,5,45.1,54.4,8,73811.0
5,3,140.35,65,3.35,0,0,9,72.5,43.5,2,94560.82
5,3,49.06,5,17.42,1,1,9,54.2,51.0,2,90689.9
3,1,138.16,17,9.62,1,1,4,39.9,51.2,5,90679.69
4,3,169.31,21,3.97,0,0,10,46.3,48.6,10,104852.29
4,3,111.14,64,8.68,0,0,9,42.0,30.2,1,83295.79
6,1,159.83,40,11.82,1,0,9,58.0,68.6,9,67436.93
4,2,92.4,42,4.47,0,1,1,33.6,66.0,2,58460.38
3,4,60.58,51,9.31,0,0,2,36.6,34.3,3,70896.96
6,3,125.65,22,8.43,0,0,3,44.1,45.5,7,51369.88
1,1,49.74,57,1.92,0,0,8,56.8,46.6,8,79698.02
6,1,110.41,2,4.49,1,0,1,62.3,32.7,9,89572.89
1,3,171.47,9,14.69,0,1,1,63.8,22.0,1,61645.23
2,2,43.61,65,17.1,0,1,1,55.3,39.9,1,57009.34
5,4,68.82,52,9.68,0,0,2,49.2,44.7,5,61980.72
5,3,78.72,14,3.26,0,0,10,57.9,28.4,6,114303.86
6,4,117.47,35,0.51,0,0,8,38.6,52.7,3,94491.97
5,1,105.37,4,2.9,0,1,8,31.6,67.4,7,73433.09
4,2,175.97,53,1.68,0,0,3,54.4,62.6,3,69680.43
3,1,158.17,60,15.41,1,1,7,39.9,48.1,10,71727.66
1,3,139.81,22,0.93,1,0,8,49.3,22.4,2,104565.64
1,1,125.83,28,1.97,1,0,6,51.2,60.7,7,71514.55
2,2,135.73,18,6.19,0,1,9,52.5,52.2,6,83526.77
1,2,85.52,31,5.29,1,0,6,59.4,56.4,2,76615.44
4,1,154.29,21,14.22,0,1,4,58.3,79.0,7,49738.71
5,1,75.52,19,8.07,1,1,7,52.0,37.6,2,103574.76
6,3,153.42,34,4.75,0,0,10,45.6,10.0,6,108931.35
3,4,167.45,68,12.1,1,1,9,51.1,34.2,7,105955.36
6,1,128.43,61,3.88,0,1,5,44.0,57.3,1,88762.19
6,2,112.95,23,14.99,0,1,6,48.0,50.4,3,83947.7
6,1,136.01,75,2.58,0,0,10,76.2,31.8,3,67919.65
3,4,30.0,16,5.14,1,0,8,51.8,28.7,10,129906.57
2,2,132.09,72,0.62,0,1,6,54.5,44.7,3,98637.32
6,4,115.47,24,10.02,0,1,3,42.9,31.3,10,95446.02
2,1,117.97,43,5.94,1,0,10,60.2,57.8,6,87128.42
3,1,148.26,16,15.01,0,1,10,57.6,43.8,10,71893.8
1,3,117.01,60,4.36,0,1,1,57.7,40.6,9,63234.47
5,3,74.39,25,1.42,0,1,1,52.1,38.6,3,85610.2
4,4,114.34,69,7.36,0,1,2,60.3,53.9,6,72263.17
1,4,122.7,6,3.43,0,0,4,62.7,50.6,8,15357.58
2,4,124.6,40,9.06,0,1,2,52.8,53.0,1,72445.82
4,3,126.48,12,2.62,1,0,9,48.9,52.7,7,122163.98
4,2,161.57,71,13.28,0,0,10,58.9,48.9,5,80249.02
5,2,76.56,33,5.58,1,1,2,41.0,34.5,1,96383.37
2,1,127.03,53,4.76,0,0,9,42.8,39.0,9,92121.73
6,2,171.6,70,12.7,1,1,2,49.5,44.1,3,69516.65
3,2,50.62,42,10.12,0,0,8,32.6,81.0,9,94170.39
5,1,127.19,4,2.95,0,0,4,58.3,29.8,3,48524.62
2,1,96.58,17,9.92,0,0,1,40.4,43.7,6,47559.83
1,3,105.17,17,8.57,1,1,5,45.3,51.5,4,85992.43
1,2,83.81,73,4.97,1,0,9,47.9,45.5,9,82723.64
3,4,113.22,72,9.38,1,0,10,50.4,66.1,10,109246.19
6,2,193.65,38,13.24,1,0,2,46.6,45.4,8,97456.05
1,4,69.42,71,5.08,0,0,9,49.3,46.5,9,174170.13
3,3,73.22,19,5.09,1,1,3,49.4,62.2,8,96629.28
1,1,67.92,54,4.88,1,0,5,45.5,77.2,3,37357.14
6,1,189.1,31,2.85,1,0,2,42.3,71.1,10,51963.15
5,3,101.51,19,5.04,1,0,10,60.8,48.0,6,112016.49
5,3,118.97,20,4.62,0,0,8,29.0,49.3,4,90722.28
5,2,103.89,33,4.42,0,0,7,47.9,50.7,2,68587.83
4,3,82.22,27,4.37,0,1,8,45.3,52.2,8,124346.16
5,4,110.59,16,1.96,1,0,9,54.2,37.3,3,113145.51
1,2,218.33,26,10.82,1,0,2,35.5,64.0,7,74348.28
6,1,175.68,10,3.35,1,0,3,45.0,53.1,1,87482.42
5,2,85.88,77,13.74,1,1,1,49.0,49.3,7,76024.07
5,4,145.9,30,2.37,0,1,5,60.7,30.9,7,130289.25
3,4,86.74,8,15.83,0,1,5,53.3,50.9,6,66886.18
5,4,48.95,46,4.03,0,1,1,38.2,21.6,7,69730.91
3,4,160.78,70,10.0,1,0,7,45.1,41.3,10,86358.58
1,1,166.4,28,5.9,1,1,1,58.9,41.6,9,91492.71
6,2,161.84,67,1.72,1,1,8,38.0,54.3,5,121653.01
2,1,101.21,48,1.81,1,0,8,49.2,78.2,9,76153.38
1,1,113.33,59,3.12,0,1,9,49.9,58.6,10,69044.6
4,4,149.99,23,3.85,1,1,2,46.1,71.7,2,101162.95
2,4,135.66,2,5.2,1,1,9,77.0,59.7,4,110705.54
6,1,104.25,27,6.85,1,0,6,45.9,66.9,8,105908.07
3,3,55.24,73,4.7,1,1,9,54.5,77.9,6,99587.35
1,3,124.56,63,6.59,1,1,7,42.3,39.0,2,103348.67
6,1,163.16,62,7.38,0,0,7,55.3,38.0,5,80286.34
4,4,72.1,70,4.54,1,1,1,58.7,60.0,4,66035.45
2,4,145.55,29,8.47,0,1,7,44.1,49.9,8,88345.67
5,3,133.26,25,9.81,1,0,5,49.5,53.3,6,71230.52
4,3,150.01,74,7.51,1,0,9,41.0,46.3,2,108436.91
1,2,154.88,45,7.82,1,0,7,38.6,41.1,1,94733.3
5,4,92.22,23,6.17,0,1,1,60.4,74.3,3,73877.87
3,2,55.32,22,11.46,0,1,9,44.5,33.5,2,101640.04
5,4,98.66,70,5.29,1,0,1,25.9,60.3,9,77014.93
6,1,155.57,4,3.17,1,1,3,67.7,57.9,3,102372.59
4,1,98.32,4,5.41,0,1,3,42.0,26.3,7,89430.06
5,4,92.24,59,1.75,1,1,10,47.5,37.5,2,141555.07
2,2,47.15,0,1.55,1,1,2,66.4,40.1,5,102622.39
2,2,190.11,13,9.84,1,1,9,48.6,58.5,10,104898.78
3,4,153.03,79,13.88,0,1,3,48.4,44.5,7,79060.97
6,1,150.8,34,4.13,1,1,7,37.7,48.7,3,111725.05
4,3,158.71,58,9.9,0,1,1,33.7,28.1,8,56471.74
3,2,143.07,38,0.81,1,0,4,48.3,84.9,6,57499.41
5,1,110.23,7,7.53,1,1,7,53.6,51.1,3,76039.25
6,4,113.45,14,5.31,0,1,8,53.1,57.5,10,98737.43
6,1,102.9,60,15.39,1,1,9,45.2,41.9,10,103493.83
2,1,225.39,7,4.76,0,0,9,50.2,40.2,6,61980.86
5,3,142.24,47,2.22,1,1,6,31.6,78.7,1,96035.94
4,4,101.45,27,1.35,0,0,4,54.6,21.2,5,79232.42
3,1,138.62,29,5.41,1,0,3,51.6,54.2,6,87622.02
3,3,79.57,76,6.16,0,0,10,69.7,31.8,10,122156.74
1,3,180.18,48,4.54,0,0,7,50.1,43.9,8,84412.93
2,4,93.56,49,10.05,0,1,10,40.6,40.4,3,88857.28
4,1,140.04,28,12.9,1,1,5,49.5,35.2,6,100688.46
6,4,162.64,30,4.1,0,1,5,46.7,50.5,2,84955.43
6,3,135.39,54,0.98,0,1,9,54.3,11.5,5,106953.68
2,4,123.78,3,6.62,0,0,8,50.3,45.3,6,75086.02
5,2,120.43,18,11.61,0,1,3,37.4,48.6,6,67128.39
1,4,117.74,48,4.11,0,0,6,33.6,29.6,5,77845.38
5,3,96.93,49,7.82,1,1,3,52.6,72.7,5,93401.12
3,1,102.02,7,2.07,1,0,8,63.8,41.1,8,102894.71
3,4,179.18,63,6.5,1,1,1,50.8,46.4,6,108670.11
5,4,115.66,43,7.92,1,1,9,58.1,41.1,1,119988.2
3,2,88.57,19,6.63,1,1,10,60.1,48.8,8,117594.76
5,3,99.35,60,18.07,0,1,1,52.7,69.6,7,53532.11
4,2,164.01,79,13.77,1,1,7,41.9,87.1,7,75137.79
6,3,147.02,33,8.82,0,0,1,52.0,61.2,8,49358.49
4,4,142.41,22,10.89,1,1,4,62.1,66.3,2,73798.36
2,4,109.7,23,6.47,0,0,4,55.3,75.7,10,24939.28
5,1,142.93,47,5.14,1,0,6,57.5,53.7,10,70334.5
3,4,94.26,3,3.77,0,1,10,45.4,73.6,2,120758.3
4,2,109.62,38,2.03,0,0,5,48.0,61.9,3,72005.36
1,3,158.79,1,14.19,0,0,4,48.8,52.2,3,55439.99
1,4,154.97,3,18.53,1,0,1,49.5,55.3,10,75706.49
4,2,80.72,34,5.51,0,1,9,61.7,22.7,10,71173.87
2,2,85.78,59,5.58,0,1,4,26.5,54.4,3,73427.3
6,2,124.35,70,8.15,0,0,5,50.3,26.8,7,95992.64
6,4,189.05,7,4.78,1,1,1,49.2,25.6,3,91135.63
5,2,43.38,19,2.27,1,0,3,36.3,52.9,1,49382.94
5,2,131.13,33,1.7,1,0,6,56.7,33.3,3,87007.34
4,2,64.96,45,18.11,1,0,10,42.8,49.9,1,115536.35
1,1,94.63,78,1.14,0,0,4,46.4,52.1,9,60281.24
3,2,105.42,54,6.82,1,1,6,68.5,52.7,8,69396.98
3,1,103.18,43,1.3,0,0,9,60.1,36.4,2,114158.15
6,1,98.65,4,4.96,0,0,4,55.7,63.5,6,43404.87
2,3,120.29,6,4.08,0,1,3,53.8,48.7,3,65796.5
3,1,98.59,12,1.52,0,0,1,48.4,56.6,6,34492.47
3,3,61.5,52,8.35,0,1,10,70.0,32.1,9,83903.66
1,4,151.19,26,2.13,1,1,2,58.0,47.3,9,76917.95
1,3,150.11,19,1.33,1,1,3,42.5,66.5,9,94128.84
3,2,153.73,53,8.99,0,1,2,36.0,64.6,3,78594.18
1,1,58.37,65,4.1,0,0,8,55.7,38.0,2,59996.86
1,4,131.96,35,2.89,1,0,4,49.4,41.8,2,64268.5
3,4,147.04,70,9.37,0,1,8,35.7,35.2,2,101574.52
2,3,78.75,58,2.04,1,0,7,54.3,40.2,7,102600.31
4,1,120.37,57,1.01,0,0,1,47.3,29.0,7,61236.68
1,1,115.35,69,12.34,1,1,4,55.3,47.9,9,78900.06
2,2,193.69,14,16.48,1,1,1,54.4,59.5,1,61895.16
3,1,196.98,60,4.86,0,0,1,43.9,38.2,3,50339.44
6,4,53.43,76,4.81,0,1,5,56.3,48.6,8,81906.21
4,1,219.76,79,9.74,1,1,3,45.0,46.7,7,96756.46
6,2,83.39,46,11.52,0,0,1,45.7,65.8,5,83719.27
3,4,159.23,60,2.25,0,0,5,44.7,40.8,2,77365.13
3,4,158.82,71,4.26,0,1,5,61.3,41.4,5,80893.36
3,1,80.17,68,6.44,0,0,10,47.2,37.3,2,84369.93
6,2,139.73,71,9.36,1,0,7,63.7,32.9,6,84934.63
6,3,115.7,66,8.69,0,0,4,67.8,57.9,10,77977.8
6,3,142.17,30,7.75,0,1,5,42.6,48.0,2,88618.79
5,4,129.23,58,11.5,1,1,1,20.8,50.8,2,77235.05
4,4,167.85,32,5.13,1,0,4,60.4,69.1,8,96230.98
4,4,123.02,64,14.28,1,0,6,46.6,70.0,1,81539.07
6,1,113.29,64,3.44,1,1,1,41.3,25.3,10,70095.24
2,1,163.84,74,8.78,0,0,10,44.1,59.7,8,84231.23
3,3,143.22,47,3.85,1,1,6,45.9,53.4,5,102064.68
6,1,149.27,38,4.92,0,0,8,63.0,43.1,4,92381.0
3,2,93.42,13,5.52,1,1,3,51.6,54.9,4,93935.25
2,1,78.19,51,3.68,1,1,9,62.8,24.1,4,100216.38
4,4,97.29,45,11.84,1,1,4,54.9,71.9,9,81029.55
2,1,95.17,41,4.0,1,0,10,46.9,57.7,8,96224.9
6,1,151.45,54,5.31,0,0,6,46.1,37.0,3,78234.78
6,1,159.04,68,8.08,0,1,7,55.6,41.2,2,86201.12
2,1,113.79,11,23.27,1,0,3,58.2,24.5,6,76008.56
4,3,177.24,34,8.29,0,1,10,60.0,45.3,7,100070.21
6,2,174.74,57,5.66,1,1,2,47.4,42.8,8,101962.33
5,4,129.74,65,0.84,1,0,1,51.8,30.1,4,71452.7
2,2,87.12,62,4.82,0,0,5,55.8,61.7,5,96927.63
4,3,183.02,63,3.17,1,1,9,46.2,69.2,2,116360.17
4,3,117.56,68,4.21,1,1,10,38.7,49.6,5,100283.4
4,3,125.05,76,3.79,1,1,9,41.9,45.4,7,117781.07
1,4,106.42,48,8.03,0,0,6,47.6,56.5,4,80090.95
2,1,84.41,19,4.74,0,0,10,56.6,49.7,4,73998.92
6,3,61.25,45,2.58,0,0,5,62.6,33.8,5,54740.92
2,4,145.31,56,10.02,0,0,5,36.4,40.2,9,61566.71
2,4,88.66,8,1.85,0,0,2,44.0,45.6,7,75167.49
2,3,242.38,60,5.47,0,0,8,46.4,53.7,10,57459.72
2,3,76.56,43,4.84,0,1,4,57.9,50.1,1,43146.78
1,4,69.7,74,6.96,0,0,2,44.7,53.2,9,63988.47
3,3,140.41,16,11.58,1,1,4,45.7,27.1,1,87855.6
6,4,181.17,72,25.57,1,1,7,35.9,60.0,4,93718.86
1,1,122.58,35,5.66,1,0,3,54.8,50.1,5,55861.65
2,2,142.89,45,3.13,0,1,4,48.4,88.3,3,36935.23
1,1,46.26,52,2.89,1,0,4,43.5,44.2,10,80479.14
4,1,92.9,46,2.88,1,1,6,47.4,54.9,9,81670.79
2,2,77.06,72,6.78,0,1,8,61.3,92.4,6,62367.31
5,1,44.2,13,0.63,1,0,7,40.0,52.9,5,99337.75
4,2,124.68,58,1.74,0,1,2,41.6,49.0,8,66628.7
5,2,30.29,77,6.78,1,0,4,62.5,35.2,8,70508.9
4,3,67.11,17,10.36,0,1,7,50.8,72.9,5,52240.92
3,4,98.51,20,10.41,1,0,3,56.7,32.6,9,91196.71
6,4,86.75,38,5.86,0,0,1,54.0,56.4,2,56819.24
3,2,135.86,57,9.47,1,1,4,49.6,42.9,3,76630.68
6,2,132.22,76,11.72,1,1,7,46.5,47.2,1,80052.18
6,4,155.75,63,3.96,0,0,7,58.3,28.6,2,86427.45
4,1,150.1,63,10.92,0,1,2,61.6,70.1,2,54454.78
5,3,165.63,35,1.22,0,1,7,60.8,45.8,7,95427.97
2,2,119.92,51,1.7,0,0,2,38.1,31.8,9,88789.67
5,1,132.14,16,4.15,0,1,8,63.0,68.8,6,92198.4
5,3,140.46,37,1.07,1,1,6,46.4,42.4,5,105407.61
6,2,125.67,15,8.12,1,0,2,42.4,55.0,3,85137.36
2,1,104.11,2,3.5,1,1,4,48.3,62.6,2,77822.75
5,3,106.7,68,4.88,1,1,9,58.3,57.1,6,109833.52
3,1,87.3,64,5.02,1,0,5,55.4,17.1,2,99217.75
2,3,136.86,40,4.06,0,1,7,47.4,60.4,8,71869.58
2,1,116.24,1,2.86,1,1,8,58.4,48.5,5,99274.28
4,2,93.47,7,7.85,0,1,1,51.4,45.1,4,80503.56
2,4,93.51,8,3.44,1,1,10,44.3,48.4,1,117950.99
1,1,71.58,57,4.97,0,0,4,42.9,25.8,3,51498.26
3,4,159.15,16,7.01,0,0,8,54.1,52.9,1,54519.08
4,3,123.14,20,11.65,0,0,5,49.2,29.5,8,45577.9
2,4,85.49,68,11.04,1,0,6,36.2,45.7,5,121807.73
6,1,152.34,70,3.7,1,1,4,58.5,52.3,8,90198.4
5,3,97.58,61,2.74,1,1,9,45.2,66.1,6,102072.32
4,4,63.74,24,13.26,0,0,2,65.9,37.7,10,69632.13
6,4,160.85,46,3.43,1,1,9,36.0,71.8,8,103352.02
3,1,98.52,16,7.63,1,1,3,48.2,64.2,2,66533.93
1,4,103.64,68,1.01,0,0,9,43.0,43.6,2,70788.22
1,1,121.65,6,0.61,1,0,1,40.2,33.4,9,49684.46
6,3,165.7,59,5.65,1,0,1,45.1,28.3,3,46694.18
6,2,120.8,40,4.47,0,1,1,67.7,54.1,8,37833.14
5,3,72.04,60,9.04,0,0,6,51.4,38.9,7,94522.75
1,3,141.76,36,2.89,0,1,3,42.1,68.0,8,51425.6
2,1,100.6,12,6.64,1,0,6,31.7,39.8,3,92769.03
1,3,195.52,60,8.71,1,0,9,32.8,36.5,4,115488.75
1,4,119.96,50,2.99,1,0,1,44.6,53.5,6,68911.02
2,2,30.6,37,4.14,1,0,6,43.7,39.7,1,77107.15
4,2,134.29,29,2.02,0,0,8,47.8,50.1,4,85458.01
1,4,197.78,27,9.26,0,1,5,27.3,64.8,6,71946.51
6,1,183.04,38,7.92,0,0,10,49.1,51.8,3,102891.85
3,2,193.24,20,8.34,0,0,7,60.3,51.8,3,100298.65
2,3,79.21,22,4.46,1,0,1,66.2,53.1,10,89290.64
4,2,156.49,22,7.83,1,1,6,31.1,24.6,3,72880.41
5,4,91.12,1,4.77,1,0,4,42.0,55.9,10,87998.01
2,2,128.97,74,14.77,1,1,2,41.5,52.4,10,76623.38
1,4,69.08,18,5.32,0,1,10,51.5,63.4,7,101475.05
1,1,94.22,13,10.61,1,0,3,37.8,59.1,2,34872.19
6,3,92.95,12,4.48,0,1,1,66.8,47.0,3,38591.87
1,3,155.94,79,12.75,1,1,3,50.4,65.5,10,95784.66
4,1,152.03,38,2.73,1,0,9,48.8,45.6,1,84708.84
3,1,131.07,26,7.25,1,1,6,65.9,53.7,6,64305.59
5,3,65.98,32,3.2,1,0,9,49.8,45.3,6,91231.34
1,3,107.53,7,6.43,0,1,5,54.0,56.9,9,81263.33
6,3,90.16,25,3.44,1,1,2,42.5,44.4,9,80912.57
5,1,154.79,19,5.31,1,0,4,36.3,74.7,3,76847.5
3,3,167.13,64,3.85,1,0,2,43.9,80.3,6,53758.53
2,4,162.26,4,8.49,0,0,6,71.9,63.1,7,45480.26
6,1,89.79,34,7.46,0,0,3,56.3,73.1,10,75616.81
2,2,30.0,63,3.11,1,0,10,52.7,26.9,6,110451.27
3,2,49.32,66,3.04,0,1,4,40.2,28.7,2,68974.97
3,4,176.87,41,2.53,1,1,4,59.1,45.2,10,89309.49
2,2,103.95,17,2.12,0,0,10,36.4,50.6,6,113567.63
3,2,89.97,26,8.89,1,1,6,34.3,47.0,2,103063.99
1,3,185.71,17,2.41,0,1,2,44.4,25.4,2,86288.24
1,1,170.61,52,6.82,1,1,5,69.5,67.3,3,60539.34
2,4,120.98,23,3.6,0,1,3,69.0,82.3,8,64104.04
1,4,108.26,50,10.4,1,0,8,45.5,69.2,10,98066.34
3,3,114.72,52,17.14,0,1,6,43.3,66.3,5,68631.28
6,3,129.09,75,0.2,1,1,8,33.6,53.4,1,108558.85
1,3,184.0,29,2.7,0,1,10,50.8,37.4,9,92973.34
1,4,136.9,76,3.55,1,1,8,51.6,51.1,7,109266.27
1,4,149.04,32,4.58,1,0,4,57.9,81.6,6,51698.24
4,2,166.77,54,4.36,1,1,3,59.1,44.7,1,87134.44
2,2,73.21,52,1.67,0,1,6,48.0,43.2,10,87783.66
3,3,150.19,65,17.37,0,0,5,55.6,66.6,1,53633.8
1,1,108.22,37,4.49,0,0,4,43.0,67.6,7,58609.95
2,4,30.0,63,7.44,0,1,9,55.4,37.3,6,89218.58
3,4,34.87,28,7.6,1,0,10,44.9,46.1,6,99764.62
3,3,79.28,39,1.33,1,0,4,54.6,42.5,6,93762.83
4,2,141.25,39,4.03,0,1,7,53.8,51.0,4,93047.6
5,2,124.55,56,8.89,1,0,10,50.7,66.6,6,92741.95
3,2,127.37,49,13.3,0,1,1,57.9,37.9,4,48686.28
6,3,198.04,6,4.1,1,1,4,34.3,66.3,5,94906.17
